umidade_solo_atual_pct,temperatura_c,umidade_ar_pct,vento_kmh,chuva_prevista_mm,evapotranspiracao_mm_h,confianca_praga_visao,dano_foliar_pct,umidade_solo_prox_hora_pct
69.18,36.27,79.5,8.74,2.4,1.91,0.907,25.1,64.93
45.72,20.8,89.98,4.17,4.21,0.2,0.159,17.73,48.81
75.1,31.55,89.58,0.92,12.35,0.74,0.516,15.23,86.07
63.82,34.29,72.21,9.25,12.6,2.05,0.94,46.14,69.07
21.59,22.71,90.34,16.3,2.51,0.58,0.51,17.19,24.72
83.29,23.52,57.09,14.59,5.51,1.23,0.283,1.35,86.71
68.28,37.29,30.24,8.17,8.37,2.87,0.447,24.68,67.44
70.02,23.29,34.07,11.89,2.28,1.78,0.354,21.86,66.98
23.97,26.6,37.12,8.72,9.87,1.76,0.641,18.91,28.74
46.53,26.65,36.2,11.58,4.4,1.93,0.238,7.05,44.58
40.96,23.06,52.86,10.35,1.29,1.37,0.193,1.9,42.47
79.87,33.52,75.58,13.62,6.82,1.89,0.306,10.92,78.19
60.07,33.44,81.39,10.15,2.07,1.18,0.589,23.04,59.14
72.59,25.57,68.36,18.81,0.99,1.32,0.161,3.99,71.54
46.04,34.7,39.52,8.56,11.52,2.45,0.381,3.55,49.52
30.91,22.26,78.61,0.32,3.51,0.2,0.231,5.3,31.96
53.82,18.09,53.06,4.73,30.0,0.69,0.449,21.28,76.14
19.47,29.42,30.84,10.01,3.84,2.73,0.267,8.91,18.6
72.93,37.88,48.24,10.81,16.45,2.62,0.609,21.19,79.12
59.22,18.77,51.49,11.05,0.98,0.84,0.0,0.0,55.26
68.07,22.16,47.83,14.29,0.79,1.53,0.325,8.67,67.56
39.82,28.38,82.77,5.49,1.34,0.63,0.282,19.19,39.9
82.95,34.2,79.4,13.3,1.55,1.67,0.5,12.14,82.43
77.52,19.78,75.21,14.08,14.79,0.47,0.745,32.65,88.99
69.49,25.9,39.04,8.23,2.32,1.33,0.498,19.22,73.15
28.62,32.94,82.51,8.04,0.21,1.28,0.544,22.12,28.04
47.67,25.43,74.02,3.58,4.86,0.57,0.99,33.23,47.81
18.07,21.78,42.66,8.28,2.31,1.46,0.115,2.26,17.81
25.8,21.91,72.13,15.74,1.89,0.88,0.58,22.0,22.93
62.81,26.2,61.43,18.18,1.11,1.45,0.126,1.68,58.83
67.13,27.59,58.56,11.87,21.79,1.51,0.371,16.07,77.68
82.73,35.24,37.29,5.99,2.99,2.19,0.223,11.21,79.71
37.81,30.85,63.69,13.65,0.58,1.62,0.525,32.99,34.94
40.93,31.81,36.5,14.8,12.3,2.71,0.422,17.69,44.45
47.87,37.66,40.68,6.64,5.8,2.63,0.457,5.88,44.47
28.26,26.24,38.62,16.53,17.72,2.28,0.531,27.15,33.22
24.09,26.07,92.02,1.47,4.08,0.2,0.39,13.6,31.71
48.3,36.47,48.52,0.22,1.42,2.04,0.576,33.97,45.5
30.88,22.92,53.09,2.46,0.67,0.77,0.476,26.9,27.17
61.89,32.6,50.94,3.12,4.82,1.94,0.2,4.56,62.97
45.6,33.09,88.39,17.58,5.71,1.66,0.452,21.5,50.88
73.29,19.96,66.59,8.5,3.83,0.61,0.334,9.12,76.07
64.02,27.36,89.75,5.5,10.57,0.7,0.618,23.51,63.78
36.87,22.01,49.5,8.58,14.33,1.07,0.559,25.32,51.84
73.26,21.71,37.46,7.9,3.34,1.57,0.224,15.2,67.76
71.33,27.28,66.15,6.03,0.4,0.92,0.376,19.65,68.6
42.12,23.79,52.46,2.76,6.25,0.79,0.182,7.37,42.69
35.18,33.92,82.12,13.12,12.61,1.7,0.64,39.2,38.81
62.77,36.15,87.16,2.73,3.36,0.97,0.575,19.67,63.72
24.78,34.05,60.72,15.51,7.72,2.33,0.469,8.17,20.66
28.99,23.32,93.14,4.03,1.28,0.2,0.437,8.13,29.03
15.52,23.48,65.95,14.63,6.12,1.28,0.474,26.87,19.37
70.08,23.09,47.61,16.11,7.85,1.6,0.213,7.63,70.37
61.54,20.7,61.78,2.51,6.27,0.44,0.182,7.87,62.18
64.36,36.88,32.43,1.73,21.44,2.66,0.553,17.76,76.01
69.65,26.04,82.26,18.99,15.5,1.04,0.0,0.0,78.53
47.12,22.49,36.59,9.26,8.99,1.42,0.164,1.49,49.82
54.81,34.93,50.07,12.6,11.65,2.53,0.292,13.92,55.67
24.79,25.98,66.75,0.47,6.08,0.69,0.632,23.42,29.1
23.02,18.7,32.79,5.57,4.51,1.05,0.125,7.34,25.65
61.79,21.24,35.16,10.11,2.99,1.48,0.148,7.67,58.13
47.98,30.79,75.25,17.72,1.25,1.93,0.504,16.59,41.73
54.57,33.66,34.67,5.43,16.08,2.34,0.327,3.66,63.24
68.55,22.22,61.01,15.5,22.09,1.1,0.269,0.94,81.38
59.43,36.35,52.02,13.24,4.93,2.31,0.544,38.82,57.81
53.75,35.02,44.83,2.31,5.02,2.13,0.409,24.4,56.61
54.14,34.97,42.27,5.87,8.14,2.45,0.399,23.21,55.11
36.28,22.55,79.62,4.76,4.1,0.38,0.22,4.33,35.64
17.16,19.01,91.85,8.85,1.47,0.2,0.178,6.82,18.27
45.57,35.35,39.11,12.71,0.95,2.92,0.483,13.48,39.34
30.02,24.12,92.38,8.67,21.5,0.36,0.519,11.85,45.83
43.6,30.38,68.66,4.89,0.51,1.4,0.23,5.19,42.09
74.74,33.2,71.71,13.92,6.49,1.97,0.675,33.6,76.37
31.38,20.57,76.15,11.69,0.63,0.71,0.499,24.02,29.39
19.08,33.62,75.77,10.39,4.31,1.57,0.732,22.0,18.36
34.7,36.77,83.29,11.09,3.32,1.53,0.68,23.97,38.26
35.55,32.57,61.43,4.44,0.81,1.69,0.612,27.77,34.94
61.33,26.82,64.67,13.61,8.39,1.53,0.815,27.53,65.87
53.99,35.53,51.05,7.75,1.34,2.51,0.457,17.84,49.77
69.87,28.55,36.84,7.27,0.65,2.17,0.176,9.08,63.25
61.5,32.9,73.2,2.99,9.2,1.56,0.262,12.3,68.32
43.45,34.41,32.18,11.94,3.34,2.92,0.754,30.17,39.57
71.98,32.99,47.92,12.05,2.07,2.35,0.782,25.79,66.52
26.69,23.76,36.12,6.81,9.69,1.33,0.123,1.38,31.11
16.59,20.36,42.4,17.2,1.25,1.59,0.127,0.0,11.33
21.3,22.77,71.52,16.91,0.42,0.94,0.323,2.9,21.4
65.57,28.06,70.85,2.18,13.57,0.88,0.679,25.11,75.91
47.33,28.11,57.37,13.9,19.22,1.73,0.187,12.0,59.18
26.29,29.65,35.86,7.88,4.19,2.2,0.023,0.0,25.02
50.07,25.9,58.17,19.99,4.14,1.76,0.778,31.21,46.6
25.66,33.74,52.93,4.5,10.17,2.06,0.546,25.46,24.1
63.74,36.26,76.83,5.61,12.48,1.19,0.681,14.87,67.65
46.23,22.93,67.64,8.84,1.45,0.8,0.335,11.11,43.35
41.67,32.73,61.95,5.37,3.51,1.82,0.586,32.13,37.85
36.11,31.56,61.65,13.84,6.04,2.2,0.211,11.32,36.52
59.12,28.46,92.81,9.62,9.68,0.78,0.379,3.18,66.9
40.33,21.77,79.16,4.42,8.82,0.43,0.408,19.45,45.7
21.14,33.9,62.3,10.13,7.64,1.97,0.112,0.0,26.47
23.26,37.21,61.15,17.78,12.46,2.62,0.512,23.61,25.05
82.33,32.44,31.72,15.85,4.5,2.92,0.341,8.82,79.06
78.6,36.36,91.26,9.98,16.2,1.44,0.59,22.09,87.92
63.98,37.68,50.75,5.77,2.64,2.27,0.443,13.62,63.8
33.61,25.04,46.64,3.6,8.94,1.17,0.161,6.15,38.62
82.84,30.76,94.96,17.57,3.08,1.02,0.243,5.84,82.64
69.51,27.48,76.71,14.2,4.25,1.27,0.493,17.41,65.39
65.18,37.73,33.08,11.44,4.95,3.09,0.436,9.52,60.35
46.46,19.88,34.02,17.59,2.89,1.68,0.0,2.94,47.23
34.06,26.25,31.66,2.43,12.91,1.6,0.325,13.4,36.16
21.75,35.51,68.98,13.65,3.24,2.16,0.511,9.74,22.53
78.18,23.68,34.65,4.33,4.7,1.58,0.201,13.6,79.66
46.9,33.76,90.67,2.41,8.06,0.71,0.215,7.12,50.06
29.17,25.66,90.9,9.31,28.87,0.26,0.605,23.98,49.23
36.42,37.6,65.49,7.75,8.32,2.24,0.364,18.4,42.65
55.55,35.67,70.08,18.82,5.12,2.1,0.582,24.07,57.5
27.37,24.03,48.97,6.48,0.3,1.31,0.187,14.09,24.13
74.96,33.4,34.16,16.3,4.14,3.13,0.359,11.87,71.55
68.1,24.74,77.93,14.98,2.36,1.19,0.637,30.42,64.63
65.36,30.13,36.62,13.36,3.46,2.51,0.482,19.07,62.55
45.25,31.17,35.56,18.41,3.01,2.85,0.603,25.95,39.02
58.91,34.59,50.23,8.16,7.99,2.56,0.554,23.48,59.37
55.89,18.49,30.81,7.79,4.05,0.89,0.266,17.56,60.99
60.49,22.4,58.21,3.22,1.76,0.64,0.015,4.9,60.19
20.91,32.24,76.0,5.52,10.53,1.38,0.479,15.56,23.72
44.11,29.27,82.09,17.6,1.08,1.32,0.47,14.01,37.88
17.91,27.91,69.28,9.49,4.89,1.39,0.672,25.23,18.43
49.58,19.1,85.05,6.83,4.17,0.2,0.276,5.91,50.27
38.09,24.97,56.42,4.32,6.67,1.05,0.416,9.51,41.68
25.12,35.3,85.17,9.7,12.57,1.44,0.651,11.96,27.96
22.24,18.62,62.92,14.33,30.0,0.67,0.501,9.76,46.19
56.14,25.93,44.5,5.73,5.11,1.4,0.323,24.2,54.21
26.94,36.9,91.37,15.15,2.32,1.76,0.802,26.52,24.11
79.76,19.02,47.87,12.6,2.07,0.97,0.0,11.42,77.83
55.67,32.99,31.7,15.75,2.06,3.03,0.124,7.15,54.68
39.28,23.15,45.77,5.02,6.45,1.26,0.0,0.0,42.3
56.36,35.33,53.83,12.62,0.99,2.57,0.658,16.0,55.88
16.6,32.92,52.84,3.07,6.45,1.61,0.599,22.77,19.43
82.1,35.71,64.1,7.28,10.97,1.68,0.714,38.5,89.95
48.76,22.32,87.4,14.49,11.02,0.47,0.3,20.75,55.08
69.79,28.63,49.0,12.63,5.35,2.35,0.3,13.04,69.51
20.79,33.59,63.85,3.76,9.82,1.79,0.499,12.05,27.87
49.07,22.91,52.11,17.17,12.75,1.45,0.585,16.48,57.58
49.35,22.61,83.42,1.07,3.19,0.2,0.719,22.22,52.24
80.65,18.54,40.24,11.9,11.7,1.31,0.367,21.61,85.78
55.02,37.17,36.73,19.68,0.57,3.11,0.552,30.78,47.35
48.14,32.2,62.69,10.63,0.95,2.01,0.736,29.16,46.51
33.69,30.71,73.67,16.01,3.39,1.62,0.461,15.69,35.35
38.21,32.88,81.71,11.9,0.46,1.44,0.493,28.02,33.07
51.45,28.63,68.33,15.66,8.1,1.58,0.436,10.71,52.18
45.72,27.52,80.3,13.11,2.7,1.23,0.303,11.81,42.41
16.51,26.99,55.53,13.82,4.22,1.55,0.365,16.65,17.84
72.84,30.81,32.14,4.56,4.37,1.92,0.182,1.75,70.26
77.73,22.03,37.55,14.84,3.3,1.76,0.453,13.38,77.91
24.82,35.76,32.52,4.76,2.04,2.31,0.557,16.88,22.72
53.78,34.24,51.38,19.61,7.76,2.63,0.75,37.0,51.83
22.6,24.99,62.21,4.56,2.64,1.08,0.093,15.03,25.84
62.06,29.57,53.16,4.73,4.32,1.63,0.77,29.96,57.98
34.69,20.82,66.44,17.17,6.73,1.14,0.054,0.43,41.06
61.16,37.45,61.24,4.86,12.66,2.15,0.355,9.88,67.7
65.89,36.06,74.07,7.22,11.85,2.08,0.476,18.11,65.83
68.81,36.44,73.35,14.29,2.91,2.0,0.827,28.13,69.72
22.54,24.64,50.67,3.17,1.92,1.15,0.387,14.13,23.73
79.12,21.38,52.5,3.18,14.81,0.69,0.259,12.34,88.44
31.11,22.24,68.03,9.73,2.62,0.88,0.22,5.93,28.59
17.62,19.8,68.77,4.87,7.49,0.27,0.081,1.93,19.16
53.84,20.4,50.46,4.71,0.41,1.04,0.486,17.37,57.3
40.96,19.43,51.47,0.18,0.17,0.39,0.415,13.85,37.79
73.09,37.8,75.11,7.41,5.11,2.07,0.861,30.06,69.15
71.58,19.48,72.08,6.37,3.75,0.33,0.405,19.96,73.83
37.2,20.65,38.78,0.62,9.26,0.91,0.0,0.0,39.09
81.7,34.55,58.67,12.42,2.07,2.28,0.295,20.66,75.51
35.36,29.6,88.03,12.53,6.28,1.07,0.617,24.25,39.57
51.05,33.49,32.36,1.42,8.84,2.32,0.358,17.26,54.49
32.92,30.62,85.59,6.34,2.17,0.87,0.44,21.09,31.24
80.52,35.64,40.61,17.46,3.39,2.87,0.283,6.5,76.76
26.52,30.77,62.97,11.64,1.24,1.67,0.646,19.06,22.19
18.14,28.44,57.58,8.24,9.55,1.24,0.506,13.05,22.69
45.46,32.25,30.66,9.3,7.85,2.68,0.491,17.18,44.03
84.47,26.95,89.5,4.17,8.38,0.2,0.384,18.77,88.86
77.42,24.92,59.57,16.24,3.74,1.45,0.409,12.05,75.06
67.4,27.35,92.03,18.28,7.73,1.08,0.271,13.93,68.59
77.36,21.39,48.64,18.21,4.09,1.66,0.268,0.0,79.06
77.54,33.93,86.31,4.48,16.86,0.83,0.138,2.93,91.32
51.32,23.21,89.96,6.21,4.72,0.2,0.161,13.11,51.9
37.12,21.07,66.19,3.21,11.29,0.46,0.282,9.68,42.23
69.04,22.93,43.17,6.14,3.76,1.27,0.726,22.61,68.43
61.32,34.84,74.54,6.66,14.13,1.77,0.247,5.45,74.21
41.16,24.6,65.68,12.66,1.91,1.02,0.167,0.0,37.62
21.61,31.72,91.39,3.79,7.02,0.43,0.614,17.26,25.52
67.28,35.13,58.55,18.39,2.39,2.65,0.846,38.49,62.44
33.37,19.55,47.45,2.06,6.03,0.59,0.297,7.79,36.63
80.58,33.3,38.99,0.14,2.64,1.76,0.568,18.79,77.81
31.87,24.15,75.41,17.1,4.7,1.03,0.353,0.0,35.59
23.59,22.33,93.32,14.08,3.08,0.49,0.348,3.44,25.41
73.18,31.78,31.84,7.11,8.57,2.19,0.412,22.8,77.1
25.73,36.2,78.13,11.91,7.28,2.19,0.484,22.09,27.75
27.55,23.9,90.25,4.47,2.29,0.2,0.585,14.43,30.59
56.96,29.38,34.86,3.37,2.22,1.94,0.081,0.0,58.71
76.22,23.8,37.16,9.42,1.72,1.45,0.454,17.06,77.11
28.75,29.09,74.98,7.06,1.32,1.07,0.493,11.57,32.71
36.72,30.44,72.12,12.3,9.08,1.47,0.459,5.43,43.48
69.42,30.21,34.47,4.36,1.6,1.83,0.086,2.3,65.35
83.03,30.47,84.24,13.26,6.5,1.66,0.358,17.06,86.09
50.05,20.7,64.02,15.34,2.8,0.88,0.543,24.2,50.93
25.07,31.87,88.97,3.33,11.02,0.72,0.532,25.48,36.53
15.98,31.5,87.07,0.88,20.14,0.84,0.609,13.81,28.18
31.08,31.65,82.81,8.79,1.88,1.45,0.39,15.16,30.35
24.23,19.48,63.53,15.48,2.75,1.03,0.303,9.89,21.79
62.44,26.94,46.36,13.02,3.87,1.67,0.121,4.08,62.85
23.53,26.18,62.89,14.04,3.63,1.45,0.424,14.85,22.1
50.44,19.73,36.55,8.06,0.93,0.94,0.297,7.34,49.94
63.6,22.45,72.82,4.7,20.46,0.55,0.438,0.0,75.7
55.68,26.82,38.71,10.64,3.77,1.68,0.181,13.84,56.55
28.98,32.86,63.23,4.09,7.25,1.44,0.446,18.93,31.99
71.29,22.74,33.53,14.52,7.45,1.86,0.363,4.9,73.31
65.08,34.59,49.47,3.94,0.65,2.12,0.454,20.1,65.54
66.73,28.92,45.09,5.83,3.27,1.7,0.342,10.32,64.69
24.17,33.21,70.3,10.13,9.08,1.91,0.877,30.8,27.47
23.66,27.45,81.14,9.73,14.87,0.99,0.309,7.13,33.5
79.93,27.98,33.72,12.02,3.34,2.31,0.54,23.76,77.5
42.83,30.39,85.27,8.75,0.86,0.81,0.329,7.7,46.65
36.07,36.56,85.95,18.39,2.5,2.22,0.749,21.88,32.48
49.2,27.84,52.25,16.8,3.19,1.83,0.527,26.81,45.38
61.4,28.57,72.84,17.58,3.06,1.8,0.38,13.38,63.68
81.89,30.04,56.17,12.59,1.72,2.17,0.225,7.66,77.56
35.05,32.75,40.02,12.7,0.73,2.6,0.082,7.26,25.98
79.74,19.44,64.36,12.18,1.22,0.84,0.199,3.55,76.6
16.74,28.31,35.61,8.7,2.52,1.59,0.451,14.34,11.96
53.86,27.63,87.1,6.44,8.95,0.57,0.307,13.49,55.11
59.38,36.43,90.08,11.84,12.03,1.73,0.659,15.8,64.05
22.41,27.87,83.4,0.51,5.22,0.58,0.228,9.97,25.13
24.82,27.37,66.56,0.15,1.27,0.62,0.393,10.4,27.25
44.34,37.24,66.24,17.03,2.69,2.42,0.376,19.42,42.03
82.64,27.01,94.0,0.93,0.19,0.2,0.498,22.21,83.21
56.72,21.62,46.11,10.5,15.1,1.33,0.197,9.99,63.61
80.31,22.34,34.94,12.3,2.24,1.41,0.051,0.0,80.92
71.31,19.9,66.53,3.96,6.72,0.48,0.205,7.15,78.85
47.72,18.01,51.37,17.91,11.34,1.32,0.081,0.0,54.47
69.93,26.64,50.95,3.8,9.81,1.22,0.141,5.13,76.33
16.25,33.38,30.46,17.69,3.04,3.12,0.612,9.37,8.58
22.64,32.67,68.76,15.26,7.55,1.88,0.456,8.1,26.76
73.06,18.64,47.16,4.81,17.99,0.75,0.0,7.13,90.22
70.78,29.4,42.21,3.01,2.22,1.55,0.28,12.87,69.93
31.28,21.09,32.63,6.32,0.67,1.46,0.404,13.22,26.96
52.15,36.82,53.68,7.96,1.74,2.08,0.401,9.8,48.55
57.42,21.35,87.13,4.92,7.11,0.2,0.676,19.19,61.11
75.74,30.53,51.88,19.98,3.13,2.33,0.284,12.01,71.61
57.22,24.52,74.14,4.59,4.28,0.53,0.506,17.16,60.6
43.88,30.83,79.18,16.61,8.21,1.58,0.712,36.32,46.45
41.19,26.25,51.33,3.18,1.69,1.12,0.454,16.13,42.27
44.81,33.19,83.41,19.6,4.07,2.07,0.326,12.73,43.72
60.64,22.61,74.97,4.51,2.64,0.39,0.219,0.01,59.74
75.72,36.12,66.35,8.43,17.43,2.01,0.776,27.34,83.85
46.77,28.0,30.06,11.17,9.55,2.3,0.19,8.3,48.06
32.35,33.12,32.28,2.41,3.15,2.43,0.594,20.35,29.22
31.57,34.99,94.41,16.34,2.96,1.61,0.556,18.2,33.89
67.22,37.98,80.85,5.49,19.0,1.71,0.663,27.14,83.27
72.16,22.48,90.94,10.99,17.8,0.35,0.186,16.14,87.09
22.37,23.74,88.65,10.99,7.07,0.2,0.338,13.7,27.12
19.66,23.01,31.33,12.05,4.48,1.56,0.107,10.91,16.16
56.61,23.26,81.47,1.11,0.96,0.2,0.459,21.17,56.95
25.23,29.65,59.32,3.37,1.75,1.31,0.464,24.16,21.5
72.73,37.87,81.32,3.22,11.72,1.61,0.72,23.71,82.43
36.72,37.81,30.44,6.04,0.98,2.92,0.395,13.77,27.46
25.07,28.54,48.73,2.9,2.92,1.57,0.232,7.59,25.06
79.47,30.78,78.84,18.44,0.57,1.44,0.556,24.41,73.47
26.59,35.2,81.55,10.26,8.54,1.59,0.412,20.42,29.48
34.93,36.66,70.28,12.47,6.12,1.9,0.78,30.38,36.49
25.75,22.08,49.58,7.15,4.64,1.13,0.284,16.06,29.08
23.08,28.57,50.17,5.52,2.98,1.28,0.345,9.74,22.4
16.48,34.66,92.84,10.06,0.45,1.3,0.707,32.16,14.84
18.88,24.06,58.55,5.89,2.56,0.75,0.348,19.31,17.16
27.22,26.8,59.06,6.87,3.83,1.19,0.106,8.08,28.12
18.74,37.71,65.9,9.06,8.05,2.29,0.397,15.9,22.5
56.38,37.7,56.62,10.11,11.19,2.47,0.751,32.81,60.29
62.65,36.12,65.92,19.69,8.78,2.24,0.58,16.66,62.82
42.55,33.97,58.1,4.47,6.09,1.7,0.206,9.02,43.17
37.26,23.38,83.74,9.76,4.57,0.22,0.49,20.44,41.97
50.32,24.42,89.09,2.99,5.54,0.2,0.358,5.62,51.55
76.25,28.95,90.59,7.0,2.37,0.67,0.374,17.04,73.84
74.58,29.22,66.68,14.35,4.97,1.69,0.257,2.28,76.04
18.04,28.11,58.74,3.49,3.8,1.28,0.603,20.34,16.97
27.7,30.73,75.84,11.63,25.17,1.48,0.16,6.31,41.24
31.57,26.17,84.49,8.33,5.67,0.62,0.32,7.78,37.64
32.46,32.98,66.59,1.03,2.81,1.31,0.541,21.06,29.05
54.99,24.67,75.5,18.66,3.38,1.01,0.706,27.21,53.65
44.14,24.61,78.73,8.27,9.83,0.55,0.53,15.22,48.82
18.45,20.54,73.97,15.68,6.37,0.51,0.203,11.11,20.85
41.15,21.77,78.5,8.33,6.08,0.25,0.662,20.59,42.57
51.66,35.01,43.56,18.75,13.79,2.92,0.237,22.73,57.54
22.12,26.93,62.39,5.81,17.87,1.11,0.464,16.97,34.19
73.34,22.56,68.24,8.24,8.53,1.15,0.456,10.3,79.8
18.64,33.19,30.16,15.18,3.06,2.71,0.255,3.77,13.6
79.74,29.08,85.64,6.87,3.16,0.77,0.644,31.35,84.83
21.94,18.42,69.65,7.29,12.76,0.2,0.218,5.82,26.9
74.05,24.33,38.39,19.9,19.18,2.07,0.43,8.17,80.75
78.19,21.54,83.06,11.11,0.77,0.31,0.066,7.64,81.63
83.57,31.12,76.61,13.79,4.4,1.63,0.582,19.62,83.97
71.14,23.5,79.29,12.87,16.48,0.64,0.341,16.89,83.12
69.56,19.3,55.48,16.56,6.83,1.07,0.488,24.15,72.66
59.97,19.1,85.52,17.24,0.77,0.29,0.36,15.33,60.09
69.53,29.63,56.91,11.27,4.7,1.54,0.665,39.65,69.56
24.42,18.43,67.08,5.89,6.85,0.2,0.394,4.63,26.89
52.52,34.98,30.04,0.46,5.03,2.36,0.417,10.93,53.83
51.0,21.11,71.92,12.29,11.15,0.67,0.499,17.43,59.35
75.03,30.13,76.68,16.51,11.75,1.62,0.65,38.26,83.15
47.4,26.89,66.86,9.01,3.77,1.12,0.514,30.32,51.35
41.96,26.86,62.28,3.29,8.65,0.97,0.002,7.81,47.62
59.77,19.44,82.65,5.76,2.53,0.2,0.188,2.36,58.14
33.65,34.06,74.29,10.2,4.91,1.75,0.808,26.63,37.38
24.78,35.86,48.07,16.73,3.41,2.67,0.281,5.71,18.99
48.45,18.22,92.34,3.44,2.88,0.2,0.534,15.6,50.67
44.18,21.57,75.97,12.24,5.11,0.79,0.504,28.1,44.88
31.28,36.08,94.22,15.07,1.2,1.54,0.518,18.23,27.02
40.73,28.99,93.13,18.72,10.4,0.97,0.18,6.17,48.06
40.65,21.0,89.73,2.33,2.89,0.2,0.307,16.3,42.69
37.92,22.06,79.1,18.53,9.99,0.89,0.767,19.17,44.15
41.56,31.2,69.61,12.03,1.57,1.56,0.346,13.48,36.93
63.0,32.5,41.19,15.33,2.88,2.5,0.293,4.55,59.24
35.78,29.99,65.32,1.08,1.19,1.2,0.291,9.3,32.34
81.42,37.06,79.75,10.12,1.13,1.87,0.839,28.36,77.05
79.14,27.88,63.86,12.45,1.85,1.42,0.391,11.03,76.71
48.66,24.01,86.44,6.14,1.6,0.2,0.332,13.96,53.34
37.99,27.54,37.13,8.63,1.21,2.01,0.604,24.28,33.46
52.48,25.19,54.76,11.09,4.59,1.28,0.471,16.6,47.68
74.4,22.49,62.89,11.05,7.78,0.98,0.186,9.27,81.42
60.68,18.92,58.1,0.84,8.14,0.31,0.063,0.0,67.8
71.31,25.04,37.06,8.79,0.39,1.44,0.52,23.86,67.5
52.29,32.23,39.98,4.28,3.38,2.11,0.431,15.16,49.4
59.3,18.37,84.45,18.33,3.04,0.44,0.075,0.0,57.67
35.17,26.78,61.48,19.53,13.99,1.85,0.09,0.0,46.71
66.44,30.88,33.17,5.99,3.52,2.24,0.187,5.65,64.73
29.17,30.21,31.07,3.5,4.22,1.8,0.148,16.86,24.42
63.64,33.53,60.78,4.39,0.7,1.89,0.142,5.02,61.04
75.25,34.21,40.68,9.56,1.79,2.55,0.262,3.1,74.16
24.25,32.23,75.83,17.49,0.63,1.61,0.371,19.59,20.62
58.01,20.06,81.7,10.0,4.88,0.2,0.288,8.1,58.71
21.66,27.5,44.84,1.11,14.35,1.44,0.677,27.42,27.56
65.8,30.07,68.49,0.8,1.86,1.13,0.433,12.84,62.61
20.91,22.91,40.04,4.55,3.55,1.19,0.259,17.51,24.53
80.52,18.85,49.73,16.86,1.61,1.34,0.349,9.7,77.96
24.62,22.47,87.77,12.43,2.31,0.2,0.383,22.93,20.85
82.12,27.1,65.37,11.26,4.98,1.15,0.5,12.69,84.0
71.06,26.28,87.58,6.38,20.01,0.2,0.532,18.48,86.61
56.56,21.53,44.64,18.59,13.78,1.52,0.304,19.95,62.36
69.78,34.49,51.45,6.62,17.15,2.34,0.99,38.63,75.62
70.66,36.51,60.61,16.7,10.06,2.83,0.719,40.93,69.03
81.22,22.03,61.21,17.92,3.5,1.29,0.144,3.87,83.16
32.74,36.59,94.85,9.67,3.02,1.26,0.725,29.09,32.15
56.31,18.36,37.44,17.89,1.88,1.49,0.07,14.1,54.83
21.65,36.5,85.38,5.54,3.45,1.47,0.709,17.86,21.52
58.13,37.04,86.14,13.17,14.51,1.54,0.391,5.05,67.05
26.99,18.24,65.96,1.76,14.38,0.2,0.097,0.0,37.18
54.55,33.26,52.36,9.48,25.91,2.33,0.543,25.51,69.72
55.07,37.4,63.75,4.35,5.34,1.81,0.757,19.1,58.09
47.62,36.12,49.01,1.26,0.96,1.97,0.604,26.54,47.32
51.58,37.41,81.94,0.07,7.33,1.32,0.786,33.02,51.32
68.47,29.01,62.39,6.5,20.17,1.39,0.515,31.64,80.74
70.95,19.56,90.18,11.79,16.06,0.2,0.42,22.23,84.55
49.45,35.0,70.47,9.1,2.66,1.81,0.471,20.07,51.71
56.97,30.28,63.43,6.04,1.09,1.5,0.616,31.55,58.17
80.19,30.29,76.22,19.82,1.05,2.01,0.693,29.55,73.5
23.38,26.35,62.76,18.79,2.03,1.63,0.397,12.33,23.67
23.2,29.44,88.79,2.51,2.41,0.54,0.512,12.58,23.84
21.14,21.07,41.99,8.3,3.23,1.45,0.553,17.62,22.65
61.05,32.8,93.27,12.98,8.21,1.12,0.593,22.3,66.28
44.3,19.5,82.79,14.67,3.12,0.2,0.38,15.47,42.25
69.2,32.6,85.95,7.33,4.7,1.15,0.659,12.23,71.47
61.99,34.98,61.39,14.93,0.56,2.45,0.516,18.3,58.93
38.35,27.45,84.42,2.48,1.88,0.53,0.342,13.18,38.38
77.89,28.2,49.94,6.64,1.78,1.57,0.466,20.99,74.87
68.38,24.24,79.53,14.33,0.41,0.62,0.42,25.73,62.33
33.94,37.39,39.13,12.51,3.03,2.94,0.835,32.84,30.97
40.49,32.66,49.96,16.74,0.57,2.63,0.607,17.6,35.1
37.01,25.38,58.97,0.94,2.81,0.67,0.275,0.0,35.78
26.03,21.5,50.95,3.49,5.06,0.78,0.432,20.52,27.21
25.34,22.39,55.16,0.97,14.71,0.62,0.382,9.29,36.31
80.53,27.28,83.31,3.84,1.67,0.44,0.72,32.55,78.69
45.65,36.85,46.68,0.09,4.92,2.19,0.423,24.47,44.92
41.83,32.68,78.44,10.08,2.2,1.5,0.585,12.95,35.71
66.08,22.3,34.79,10.57,0.52,1.68,0.246,12.68,65.65
53.71,35.19,79.77,13.16,14.85,1.62,0.603,30.66,61.36
80.53,25.56,81.48,7.7,5.28,0.36,0.294,17.27,80.68
69.62,35.03,56.11,0.06,7.0,1.79,0.623,11.08,65.77
48.56,22.83,76.96,13.48,16.82,0.66,0.474,12.88,62.5
41.35,30.37,89.48,1.09,2.79,0.82,0.78,21.97,42.8
84.06,36.53,82.05,17.32,0.89,2.3,0.617,26.6,79.31
65.24,23.16,55.38,0.45,1.64,1.02,0.264,12.53,66.38
81.58,31.86,61.47,10.61,0.77,1.67,0.629,7.73,80.34
23.29,37.75,80.66,17.9,11.68,2.27,0.49,16.82,27.62
74.54,21.01,49.02,11.45,20.78,1.31,0.483,23.14,87.27
59.6,19.77,82.25,12.17,5.0,0.38,0.563,22.29,60.74
23.53,31.48,51.32,13.63,8.42,2.11,0.678,26.62,26.02
56.18,24.79,82.39,2.45,10.42,0.47,0.512,17.26,66.61
63.03,19.42,35.64,13.5,17.72,1.46,0.136,0.0,73.78
15.86,27.51,32.89,17.61,20.12,2.46,0.356,13.42,29.91
46.8,33.08,94.85,19.48,0.25,1.25,0.674,25.93,43.81
72.78,23.7,86.51,8.86,2.27,0.47,0.339,16.58,73.77
35.68,24.7,87.39,6.89,4.47,0.31,0.698,30.69,43.38
47.1,34.91,91.83,15.07,1.96,1.59,0.729,28.2,48.11
45.96,28.4,58.49,10.86,3.32,1.62,0.266,16.67,48.63
36.13,34.85,48.64,5.15,6.59,2.18,0.833,29.39,34.47
79.29,26.93,38.45,3.44,6.43,1.61,0.362,5.08,86.45
69.69,37.06,62.58,3.4,10.14,2.04,0.372,16.99,73.32
22.74,31.02,44.3,9.18,4.57,2.07,0.274,11.16,21.23
84.79,20.32,90.81,3.4,3.03,0.2,0.67,28.44,80.82
76.54,35.7,30.26,0.39,6.02,2.56,0.78,22.05,76.82
34.87,27.79,39.31,1.04,10.76,1.44,0.541,31.32,37.51
73.58,20.83,46.02,18.6,9.49,1.36,0.513,23.76,78.14
22.45,21.05,42.93,1.46,3.97,0.73,0.489,16.84,21.03
84.94,31.75,44.68,1.46,2.1,1.85,0.536,14.74,87.01
61.6,18.95,72.64,9.02,4.17,0.28,0.386,21.14,64.78
60.51,23.73,51.29,4.9,0.34,0.75,0.432,9.81,64.31
21.33,20.8,69.98,19.25,2.35,0.93,0.479,31.78,17.18
77.79,26.82,87.87,18.22,12.46,1.21,0.357,9.9,88.18
17.03,26.29,69.17,8.09,4.15,0.93,0.559,31.55,13.1
31.86,28.44,75.14,8.97,6.26,1.06,0.74,27.0,34.3
25.01,23.59,53.76,7.5,0.72,1.27,0.303,21.0,20.73
69.37,18.64,40.38,0.76,10.7,0.82,0.169,2.03,75.42
28.87,30.29,50.84,5.86,3.77,1.87,0.518,19.78,26.35
78.74,25.47,92.68,2.45,6.06,0.2,0.368,18.82,80.53
60.94,31.03,70.42,2.05,7.34,1.38,0.265,14.03,60.84
17.53,20.17,48.04,11.22,10.37,1.21,0.478,24.78,21.43
15.38,18.28,59.31,1.98,5.23,0.62,0.196,4.52,18.54
18.62,22.97,84.31,2.06,3.86,0.2,0.426,16.69,23.67
57.41,27.13,73.45,9.61,1.0,0.77,0.342,20.5,56.43
71.1,25.88,66.44,8.85,0.62,1.07,0.642,20.18,71.39
31.7,34.21,87.54,2.75,5.13,0.97,0.754,32.1,29.55
74.46,25.56,73.71,0.09,6.1,0.56,0.386,13.36,77.02
19.01,28.61,71.78,3.86,7.06,1.12,0.257,11.0,23.89
71.07,29.87,42.33,4.72,1.68,1.83,0.338,13.34,69.2
79.95,18.44,36.92,16.0,2.38,1.42,0.315,7.24,76.07
69.05,28.3,92.73,18.31,5.04,1.13,0.562,19.78,71.77
63.87,24.9,68.93,8.12,2.73,0.84,0.425,17.01,62.36
73.66,26.43,57.02,8.1,27.55,1.27,0.431,15.74,91.14
17.81,20.01,68.29,14.25,2.32,0.89,0.467,27.16,17.73
29.12,33.66,34.02,12.54,6.49,2.93,0.424,22.19,27.65
23.74,36.85,83.44,3.68,9.24,1.56,0.709,28.68,26.19
50.32,18.45,44.08,2.15,9.74,0.63,0.056,0.0,55.65
67.16,30.03,82.3,8.75,2.68,0.72,0.982,32.37,64.14
59.1,33.28,64.73,11.3,7.37,1.86,0.467,29.6,59.29
74.58,23.7,47.98,2.77,6.57,0.94,0.361,7.66,80.47
25.86,33.75,31.96,5.87,7.65,2.48,0.529,20.79,27.17
66.42,30.65,83.03,6.12,4.97,0.86,0.46,19.64,70.35
28.51,36.58,41.47,5.23,9.3,2.49,0.5,17.12,31.94
33.95,37.62,33.37,9.22,5.56,2.81,0.489,12.55,30.88
64.69,18.85,79.13,13.06,0.83,0.2,0.181,2.15,60.26
83.61,26.9,52.75,10.19,5.4,1.74,0.466,14.42,81.59
57.81,28.94,55.31,4.03,6.02,1.26,0.128,0.61,58.51
18.82,20.93,46.06,2.06,8.75,0.83,0.593,30.49,21.75
58.14,24.73,85.85,16.44,5.13,0.96,0.596,22.6,61.41
17.96,37.75,49.33,9.59,18.06,2.73,0.654,21.72,28.84
76.89,18.32,43.66,1.24,4.0,0.73,0.0,0.64,84.0
64.67,27.05,50.1,5.16,2.53,1.46,0.238,13.07,61.53
27.12,34.85,43.2,16.08,13.82,2.89,0.727,25.58,35.27
21.42,24.48,50.65,15.03,3.89,1.82,0.99,43.03,23.07
27.85,27.6,35.39,17.52,4.68,2.45,0.56,13.66,25.17
83.6,37.56,40.3,12.04,6.02,2.64,0.696,33.47,83.16
47.1,27.5,57.11,8.46,5.56,1.35,0.503,19.07,51.14
69.89,20.62,87.17,8.53,7.6,0.2,0.243,8.95,74.9
59.55,19.03,33.72,3.88,8.31,0.95,0.391,10.69,63.75
55.07,36.91,43.82,13.02,2.28,3.05,0.312,4.48,48.8
25.16,23.32,89.04,11.7,1.12,0.39,0.224,0.0,19.03
81.22,28.08,87.85,3.1,1.32,0.48,0.281,6.08,81.23
36.09,19.81,74.16,17.71,12.6,0.89,0.52,23.3,41.47
55.46,26.47,45.63,7.37,3.57,1.55,0.349,7.48,52.28
63.98,36.6,57.29,0.99,9.17,1.93,0.564,12.14,68.49
60.45,28.05,43.73,6.56,8.51,1.86,0.374,8.76,59.82
80.84,37.42,38.36,17.4,4.68,2.97,0.299,9.04,79.79
25.39,23.18,54.7,18.34,1.65,1.5,0.216,6.14,23.89
50.58,28.09,67.43,9.81,8.69,1.41,0.337,12.03,53.23
43.28,35.19,53.4,19.13,4.53,2.7,0.26,16.08,40.25
48.19,26.97,69.7,17.5,1.02,1.69,0.348,20.71,41.48
23.35,23.59,49.26,16.5,2.76,1.4,0.132,17.05,23.42
24.39,35.11,52.48,17.19,0.54,2.37,0.613,13.55,19.49
34.47,25.8,81.39,7.64,2.9,0.75,0.575,16.72,35.22
36.33,28.61,87.09,15.13,4.92,1.21,0.283,14.93,38.07
44.95,37.53,50.93,11.55,4.07,2.6,0.487,15.8,40.79
57.77,21.73,67.15,14.39,3.59,0.98,0.686,31.25,53.62
59.42,24.03,48.08,3.56,4.87,1.23,0.153,7.06,63.01
43.83,18.62,33.47,14.63,7.2,1.38,0.282,20.17,47.46
43.61,25.84,77.96,19.15,9.81,1.13,0.465,23.94,46.57
30.23,22.0,41.12,6.05,10.95,1.25,0.475,24.42,36.87
56.18,31.6,57.67,19.72,1.99,2.43,0.525,17.49,54.7
37.19,21.63,61.66,7.57,11.86,0.57,0.257,9.17,47.92
17.52,31.5,41.99,3.99,4.54,1.93,0.435,14.71,15.62
44.29,23.27,36.15,2.25,3.19,1.26,0.297,2.26,40.77
48.19,25.1,52.62,15.7,1.37,1.71,0.343,21.86,41.49
30.79,24.98,91.9,11.1,6.76,0.45,0.238,13.51,33.79
55.07,32.34,69.98,6.14,6.53,1.36,0.744,26.19,60.37
54.6,27.33,54.79,12.17,2.49,1.82,0.591,30.3,50.0
64.14,25.23,32.53,6.64,2.57,1.68,0.113,0.51,61.26
60.36,35.05,69.02,8.97,3.92,1.79,0.504,8.11,57.99
60.67,29.44,36.0,17.25,3.13,2.29,0.334,18.74,56.2
37.13,22.28,65.27,13.36,1.88,0.87,0.147,0.0,36.27
70.12,36.0,78.88,15.25,1.18,2.03,0.266,8.92,63.09
53.44,24.85,57.53,11.67,11.96,1.37,0.25,10.72,62.34
45.2,18.78,49.46,19.83,2.74,1.44,0.191,9.57,43.04
58.82,27.89,33.08,4.83,6.49,1.98,0.083,8.25,65.85
40.25,20.48,31.61,5.25,7.68,1.6,0.259,13.32,40.06
50.89,22.77,57.95,1.85,6.79,0.57,0.55,24.19,58.48
66.57,32.94,87.42,11.08,8.05,1.04,0.733,23.11,73.36
77.05,20.62,45.86,12.27,6.72,1.1,0.249,11.23,78.52
79.47,34.14,67.31,14.52,2.23,1.94,0.208,0.0,75.87
50.25,36.74,74.48,6.71,3.32,1.6,0.728,37.05,46.43
51.42,30.13,33.95,0.25,11.7,1.89,0.405,6.98,55.06
70.99,32.21,39.95,12.64,2.66,2.66,0.504,17.09,67.0
37.01,32.27,51.53,19.97,4.54,2.75,0.812,22.95,33.9
73.62,37.86,73.56,5.89,7.23,1.91,0.465,13.29,71.41
49.59,24.83,58.54,3.68,15.34,1.26,0.0,0.08,65.08
23.11,21.26,77.72,5.64,10.86,0.2,0.187,3.95,30.6
20.04,28.38,86.39,8.51,1.57,0.53,0.597,29.57,19.27
73.94,28.66,79.29,5.02,6.31,0.98,0.498,20.27,74.96
18.89,21.56,94.5,6.94,5.66,0.2,0.213,5.32,21.99
34.64,30.26,79.03,12.76,3.35,1.21,0.26,9.1,33.31
38.39,18.28,85.39,6.9,4.67,0.2,0.292,18.4,40.99
27.11,36.55,84.1,7.92,2.2,1.53,0.401,20.7,25.02
36.97,23.29,77.47,0.8,3.85,0.2,0.5,12.19,41.33
66.99,18.79,82.12,18.36,2.68,0.29,0.279,6.52,68.02
16.03,20.16,90.75,8.14,5.02,0.2,0.287,13.75,20.66
72.9,22.8,60.89,6.56,3.23,0.98,0.213,10.22,73.05
74.96,23.48,71.49,1.73,16.27,0.41,0.439,10.38,87.73
41.06,18.66,63.47,12.68,5.18,0.54,0.303,16.01,42.61
25.75,23.59,85.32,17.28,4.28,0.58,0.471,12.56,29.3
57.06,21.86,58.04,0.82,3.64,0.43,0.359,21.48,59.42
23.38,25.57,83.28,2.91,3.23,0.41,0.445,20.1,24.21
40.54,25.7,81.96,2.93,1.02,0.45,0.27,3.49,39.83
82.09,24.78,92.52,12.05,9.16,0.34,0.343,9.85,87.78
84.68,24.56,46.18,18.42,13.83,1.55,0.261,6.63,91.97
69.05,19.79,76.13,8.76,2.64,0.34,0.722,28.4,69.25
36.77,18.5,79.2,6.88,11.65,0.2,0.097,2.48,44.16
63.14,22.04,90.86,15.32,27.34,0.5,0.353,6.53,85.43
64.38,33.13,88.95,14.85,20.22,1.31,0.607,14.68,79.27
42.15,37.82,67.28,4.94,13.34,1.8,0.539,23.79,53.09
59.86,36.57,67.64,3.22,1.21,1.77,0.77,30.97,55.1
15.75,28.08,40.87,7.16,1.19,2.18,0.313,12.54,13.48
29.63,28.64,93.37,15.51,8.02,1.05,0.492,20.34,28.26
51.76,24.29,46.58,13.9,4.59,1.67,0.476,14.36,53.21
26.46,33.48,77.11,13.32,0.22,1.74,0.884,34.71,18.24
26.61,33.3,81.73,16.59,2.98,1.44,0.823,46.5,21.89
73.54,34.89,58.68,5.54,7.71,1.75,0.5,26.04,76.38
84.24,35.91,43.73,6.79,3.9,2.07,0.486,16.73,81.23
53.92,26.69,42.28,0.85,4.61,1.64,0.361,10.56,52.45
73.73,33.34,85.67,17.37,1.19,1.87,0.609,5.96,68.89
84.32,34.13,63.2,11.65,2.94,2.07,0.374,20.62,83.39
24.91,24.17,35.86,5.96,8.05,1.57,0.464,22.34,25.41
46.38,36.58,76.61,1.39,2.79,1.21,0.641,21.09,45.64
42.48,19.89,46.26,14.47,12.43,1.25,0.254,1.06,48.56
20.6,37.89,86.97,14.97,4.71,2.18,0.425,9.23,21.24
67.87,33.4,50.12,13.32,6.74,2.37,0.488,21.2,69.66
45.36,19.87,43.02,4.08,7.89,0.81,0.0,0.0,45.67
47.85,31.12,35.52,18.26,7.62,2.47,0.294,15.31,50.53
25.55,18.68,63.25,15.06,1.51,0.99,0.194,7.88,22.42
27.66,33.4,59.3,13.16,1.86,2.11,0.556,26.91,24.36
78.5,33.98,78.84,13.02,0.21,1.41,0.91,36.78,72.1
18.13,30.05,60.2,18.09,3.31,1.87,0.559,26.22,16.52
31.3,35.14,52.35,18.57,1.7,2.5,0.77,16.71,32.63
35.44,19.96,47.01,11.91,2.7,1.14,0.382,7.09,34.97
49.31,23.52,48.08,8.33,3.67,1.32,0.525,17.75,47.81
56.05,26.28,90.31,7.27,5.31,0.36,0.824,37.81,57.82
49.53,18.85,40.73,16.38,3.96,1.53,0.098,15.01,45.07
20.89,26.96,94.23,12.89,3.89,0.66,0.369,13.02,25.26
32.06,23.3,51.25,1.55,6.27,1.05,0.449,13.38,35.54
74.05,25.85,35.75,2.84,4.42,1.51,0.319,0.41,72.12
59.63,26.5,46.16,18.0,9.73,2.5,0.401,20.41,58.92
60.44,35.59,33.8,17.69,4.43,3.07,0.415,12.49,56.99
61.91,23.41,81.35,19.04,15.41,0.79,0.313,29.64,73.49
68.4,35.87,63.32,8.56,1.44,1.88,0.845,27.67,62.09
19.07,26.52,51.9,15.68,3.25,1.76,0.181,19.49,19.71
40.66,24.56,73.03,16.56,2.25,0.87,0.536,24.86,39.1
52.77,28.05,70.99,6.31,5.51,1.08,0.553,14.85,52.28
38.69,26.35,91.09,2.91,1.43,0.2,0.209,9.35,37.97
74.11,23.15,92.48,19.94,0.73,0.69,0.3,16.03,76.1
48.78,28.05,74.24,0.6,1.8,0.49,0.349,11.92,45.65
68.8,21.04,83.16,11.95,0.81,0.29,0.492,23.71,65.9
74.64,25.04,81.51,13.0,3.72,0.89,0.379,19.3,77.09
50.34,29.32,61.93,13.64,5.3,2.05,0.435,20.11,50.05
78.67,26.27,75.79,5.11,0.58,0.54,0.184,6.89,75.77
56.1,34.48,35.09,14.43,3.04,2.85,0.866,25.86,54.05
74.52,23.13,79.27,4.33,10.83,0.2,0.423,15.6,84.82
38.84,37.4,92.52,16.58,13.48,1.67,0.753,29.68,45.87
49.92,33.69,35.52,4.38,8.6,2.23,0.34,1.65,50.97
52.2,37.35,84.35,13.93,0.08,2.0,0.521,20.81,46.07
22.35,34.76,90.64,15.67,4.86,1.49,0.963,36.0,22.42
42.9,20.84,44.7,3.78,11.88,1.27,0.0,0.0,46.88
79.21,28.53,64.11,4.76,2.73,1.24,0.495,16.83,81.6
59.16,21.4,90.31,15.58,1.05,0.22,0.199,5.69,62.69
27.43,34.36,92.41,1.72,11.17,0.8,0.545,32.28,33.59
38.72,29.68,38.31,3.82,12.53,1.77,0.27,11.59,46.0
28.41,23.27,52.69,9.11,4.38,1.31,0.155,12.09,31.57
16.74,36.59,75.38,18.6,1.06,2.0,0.606,22.34,16.92
79.92,20.3,44.4,11.24,0.46,1.02,0.0,0.0,81.48
46.37,29.28,51.11,7.75,6.03,1.62,0.361,17.74,43.21
36.53,32.42,31.51,19.57,2.27,3.11,0.39,10.86,30.37
56.89,19.18,39.98,9.27,4.12,1.33,0.0,0.0,58.44
15.51,29.96,66.55,8.67,3.7,1.63,0.746,22.05,13.24
34.46,34.32,72.45,8.23,1.69,1.73,0.45,17.54,35.95
64.21,19.35,72.18,6.24,0.42,0.21,0.289,17.37,67.3
59.36,28.24,80.59,6.51,2.81,0.94,0.384,20.18,57.06
83.73,23.17,56.99,13.76,5.04,1.11,0.329,22.01,84.06
58.43,31.26,47.78,0.82,5.27,1.38,0.673,35.93,57.38
48.43,20.37,31.01,13.64,2.11,1.74,0.669,13.14,45.31
68.3,36.74,43.43,4.02,12.33,2.25,0.641,17.18,72.94
78.23,35.89,50.31,7.68,1.21,2.31,0.71,16.14,76.3
65.45,21.72,41.58,2.93,10.14,1.06,0.584,26.0,68.79
82.42,24.47,31.31,11.06,4.89,1.95,0.331,8.41,75.63
69.74,29.75,40.23,14.59,2.84,2.47,0.675,22.7,62.15
75.68,32.36,73.3,7.09,6.75,1.52,0.673,24.27,74.85
22.99,26.85,70.92,3.27,3.48,0.82,0.466,20.02,22.03
66.27,21.13,90.82,4.53,0.72,0.2,0.477,9.23,66.45
45.81,20.08,81.88,16.36,1.1,0.51,0.044,0.0,42.24
53.72,38.0,66.9,5.35,3.26,1.9,0.648,24.64,48.97
60.79,27.11,38.94,15.49,2.45,2.13,0.071,9.87,55.41
82.89,35.45,66.66,6.62,9.95,2.21,0.264,9.89,83.55
83.92,27.65,34.0,3.77,2.33,1.84,0.376,9.55,80.57
35.18,36.45,58.01,14.55,2.17,2.55,0.345,0.23,29.87
66.36,19.76,55.37,9.37,1.86,0.71,0.286,16.59,67.27
67.5,20.28,57.81,0.63,1.68,0.56,0.328,8.03,65.2
39.25,36.59,48.19,19.2,1.75,3.07,0.551,14.07,32.6
23.67,36.95,74.58,2.96,0.89,1.71,0.44,6.44,19.52
17.87,24.29,84.66,7.07,5.09,0.42,0.605,14.36,22.43
69.41,25.1,79.95,7.7,3.79,0.76,0.425,10.4,70.02
49.28,27.05,70.8,9.79,3.63,1.3,0.523,18.42,51.32
83.99,26.32,64.99,15.71,0.51,1.49,0.199,0.33,77.93
47.55,21.8,32.02,0.12,6.24,1.15,0.216,9.32,50.12
83.45,35.97,76.99,18.65,6.81,2.29,0.793,28.66,81.57
43.81,23.07,65.42,12.92,14.83,0.89,0.542,33.92,49.79
70.56,32.11,47.6,19.01,6.49,2.45,0.306,1.4,69.99
20.94,19.34,51.31,16.35,17.25,1.19,0.171,7.46,35.9
53.88,18.78,90.81,18.56,2.05,0.2,0.201,8.69,51.9
71.14,31.07,70.58,12.02,15.47,1.7,0.385,8.44,79.42
79.73,24.78,60.93,7.15,6.68,0.88,0.128,5.42,79.85
72.58,31.11,70.36,8.86,5.95,1.37,0.478,22.78,70.3
17.59,19.88,56.89,13.16,3.54,0.93,0.408,16.08,15.71
41.09,37.0,60.56,8.54,2.82,2.21,0.42,24.28,37.06
18.41,32.97,48.87,14.63,2.24,2.35,0.45,4.03,13.89
22.65,35.53,58.59,1.84,15.88,1.81,0.494,13.72,31.26
62.27,20.73,74.56,16.6,3.43,0.74,0.55,29.73,58.06
64.93,24.4,32.6,4.08,6.78,1.5,0.179,12.26,65.61
69.16,25.37,81.68,18.88,8.14,0.97,0.347,16.43,73.74
75.58,28.74,48.39,3.11,8.04,1.68,0.249,16.86,75.13
66.76,23.94,74.37,2.58,5.11,0.2,0.202,0.0,69.58
71.06,19.21,71.78,16.24,15.24,0.63,0.424,20.88,81.64
18.43,25.38,72.42,16.37,6.32,1.14,0.399,21.53,18.13
31.42,23.09,69.53,14.78,2.17,1.07,0.39,10.86,30.91
58.53,25.72,92.34,19.21,2.96,0.65,0.717,43.03,53.94
75.07,21.94,63.04,5.41,0.56,0.57,0.583,23.33,75.7
15.32,23.24,77.6,16.53,5.64,0.88,0.11,0.0,18.23
51.02,30.54,75.85,7.04,7.29,1.33,0.627,26.12,53.57
62.41,25.76,45.36,10.75,7.85,1.72,0.388,10.43,67.43
17.07,24.91,48.41,8.91,6.68,1.25,0.261,16.9,18.46
43.09,28.68,57.56,0.12,3.55,1.07,0.487,21.79,41.93
77.69,33.44,48.05,11.49,4.25,2.46,0.16,2.49,79.11
62.01,25.58,53.84,14.95,4.26,1.45,0.633,33.09,65.53
31.64,29.75,55.41,3.49,9.97,1.44,0.53,25.78,34.58
74.69,37.32,69.25,18.63,0.27,2.47,0.437,11.63,68.64
39.36,28.44,44.29,10.61,2.62,1.87,0.279,9.69,39.64
74.73,36.2,82.28,3.56,1.31,1.77,0.308,14.81,71.7
35.93,33.87,58.44,12.92,20.26,2.11,0.452,14.99,48.88
56.32,19.17,75.91,3.84,11.65,0.2,0.253,7.62,66.96
42.79,26.58,35.29,1.27,2.74,1.45,0.091,3.68,40.76
34.24,31.97,60.55,13.71,0.76,2.06,0.626,17.39,30.77
77.06,37.73,31.83,2.21,1.1,2.83,0.716,13.82,72.1
28.13,27.17,73.93,2.12,9.86,0.6,0.449,18.51,31.57
20.94,19.86,52.34,14.8,0.54,1.14,0.225,0.0,16.03
38.93,29.24,91.7,1.1,4.32,0.25,0.617,17.49,39.93
65.23,20.53,51.07,16.2,8.56,1.13,0.283,0.11,71.45
71.52,33.03,66.65,15.92,0.96,2.18,0.326,2.48,69.54
84.91,28.15,46.73,2.83,4.27,1.41,0.27,12.82,87.06
35.75,32.47,70.31,10.37,2.79,1.27,0.47,16.51,35.7
43.56,35.39,60.36,1.93,2.42,2.03,0.582,20.55,42.06
24.58,30.58,54.09,12.65,1.99,1.85,0.448,9.11,22.44
55.24,30.25,43.24,1.26,9.17,1.66,0.446,13.02,60.19
84.83,33.09,37.25,18.89,13.69,3.14,0.159,8.29,89.98
64.06,34.85,37.79,4.15,3.27,2.36,0.581,21.76,58.12
56.66,35.38,94.94,13.66,5.98,1.4,0.641,29.3,55.52
42.47,18.73,56.8,2.57,4.37,0.2,0.736,33.75,42.21
79.07,29.12,30.13,4.19,0.34,1.81,0.282,9.22,78.11
49.78,22.33,91.94,9.02,3.14,0.2,0.494,7.66,55.26
24.41,35.21,31.3,11.46,0.23,2.96,0.956,31.8,12.35
40.58,30.97,57.21,19.98,2.55,2.3,0.496,18.26,40.49
19.7,26.4,76.64,0.52,4.16,0.41,0.439,12.02,22.21
29.14,21.76,89.45,0.01,7.99,0.2,0.242,2.87,37.67
16.24,24.78,76.34,7.01,5.5,0.36,0.701,27.05,20.21
46.73,32.08,60.14,7.32,9.37,1.78,0.278,25.14,53.45
59.42,22.09,93.34,17.68,1.63,0.47,0.513,16.57,58.97
39.03,19.87,32.56,18.25,12.34,2.09,0.136,5.13,40.77
44.43,35.76,94.15,17.61,13.71,1.66,0.61,15.3,50.91
82.14,33.28,85.21,2.86,0.21,0.85,0.324,19.76,81.28
67.64,22.0,90.38,8.24,0.49,0.2,0.668,30.63,65.92
52.86,23.85,46.56,14.92,4.06,1.6,0.272,15.18,53.52
34.92,37.44,39.26,6.25,2.34,2.73,0.286,19.01,30.67
77.79,32.16,73.12,13.26,2.77,1.67,0.752,26.02,74.08
31.46,30.21,63.53,4.74,5.45,1.16,0.378,12.55,30.55
37.77,24.15,64.01,6.47,9.68,0.62,0.44,26.96,42.57
78.63,23.98,90.1,17.21,1.53,0.72,0.606,26.84,77.39
52.07,18.79,70.31,5.01,11.05,0.37,0.403,2.0,55.4
66.96,32.57,50.22,19.29,1.94,2.56,0.069,5.34,60.63
56.35,18.86,56.0,6.13,22.39,0.7,0.401,11.75,67.96
60.74,18.1,38.68,0.47,12.41,0.83,0.194,12.78,67.51
35.96,32.59,42.5,5.1,2.18,2.14,0.382,16.97,35.85
31.9,36.98,39.32,3.42,0.79,2.38,0.478,7.72,24.8
37.57,33.13,82.67,10.14,2.13,1.4,0.28,12.26,37.48
25.88,27.43,75.82,2.25,1.8,0.86,0.499,20.21,31.94
76.2,27.72,64.47,12.52,7.16,1.53,0.189,9.35,81.74
34.83,26.72,54.33,17.5,0.22,1.95,0.337,16.27,30.26
54.3,24.49,73.45,7.25,0.5,0.62,0.441,25.73,54.54
70.44,28.43,82.84,3.37,6.98,0.61,0.693,28.83,70.81
69.87,26.62,87.28,8.0,1.71,0.56,0.339,13.01,65.67
45.69,29.96,65.56,15.72,2.58,1.76,0.732,34.72,42.8
48.34,35.96,83.29,11.83,8.53,1.86,0.785,43.28,51.02
84.63,37.9,63.23,2.02,10.04,1.57,0.506,24.72,91.78
62.22,19.57,60.84,10.74,11.93,0.73,0.102,5.1,68.54
72.02,25.69,86.25,9.36,7.93,0.57,0.209,10.55,77.14
78.18,21.61,55.11,6.54,3.43,0.66,0.363,15.35,79.39
70.13,25.04,55.73,2.2,3.15,1.06,0.235,9.05,70.03
27.96,23.75,49.82,19.62,2.78,1.67,0.547,33.76,24.98
54.35,21.49,63.72,3.52,0.97,0.45,0.216,3.72,51.96
22.13,33.28,65.42,3.85,1.45,1.81,0.358,20.55,19.83
60.7,27.93,72.93,2.91,10.7,0.97,0.505,18.42,67.47
81.87,36.38,57.98,11.4,1.93,2.42,0.421,7.12,76.99
50.89,18.65,44.16,8.87,0.98,1.03,0.239,7.94,50.64
45.31,19.34,86.34,4.99,11.43,0.2,0.552,17.68,56.05
17.51,26.07,52.49,8.59,5.15,1.72,0.395,18.46,19.16
82.18,19.61,89.99,13.47,16.16,0.24,0.411,16.16,91.33
22.21,23.25,43.48,5.63,14.83,1.15,0.341,6.83,31.95
17.88,37.72,66.4,18.3,1.1,2.35,0.285,19.67,10.63
32.22,22.18,64.88,6.13,3.81,0.73,0.423,22.61,33.28
19.59,21.96,83.86,3.96,1.32,0.2,0.435,26.04,17.24
46.86,29.47,39.03,19.09,1.3,2.32,0.545,22.13,44.98
51.13,27.96,89.15,16.21,2.69,1.08,0.621,23.38,51.68
36.88,29.61,64.54,6.86,7.34,1.32,0.426,20.42,42.27
18.57,25.53,68.1,16.83,7.38,1.43,0.598,19.26,23.01
22.81,34.54,63.16,10.38,6.6,2.06,0.48,19.01,22.61
41.92,20.77,32.34,6.94,3.42,1.28,0.278,9.51,40.64
19.24,26.57,62.31,16.79,7.72,1.68,0.354,4.7,25.51
63.87,31.8,47.13,15.04,0.96,2.29,0.526,20.77,58.57
29.49,35.36,52.27,5.96,5.23,2.08,0.445,14.25,25.89
36.15,25.39,72.19,12.13,4.29,0.95,0.719,25.87,38.97
42.59,29.35,62.35,7.39,3.21,1.59,0.815,33.17,41.32
44.16,19.38,36.06,0.02,5.42,0.8,0.381,22.12,50.14
15.12,21.41,34.75,19.24,1.35,2.13,0.528,14.96,11.33
22.84,19.38,42.07,10.99,6.83,1.45,0.0,0.0,25.03
75.39,32.56,42.41,11.97,4.18,2.3,0.185,2.43,77.4
15.09,23.76,69.54,12.0,0.58,0.5,0.332,7.64,10.06
50.57,32.47,41.56,11.01,4.09,2.54,0.444,13.31,46.76
49.27,19.33,87.31,5.8,2.37,0.2,0.341,11.79,48.09
38.32,35.25,43.63,19.43,10.92,2.83,0.189,10.7,35.29
45.19,34.71,35.92,12.43,1.06,2.7,0.661,27.03,41.67
69.64,19.78,86.92,13.42,1.11,0.2,0.77,22.93,67.52
73.88,18.48,49.2,9.1,6.07,1.04,0.48,26.02,77.92
33.22,19.13,57.65,5.76,3.56,0.56,0.48,23.92,35.1
37.57,35.07,92.34,1.29,3.39,1.1,0.669,20.01,39.15
31.97,22.69,91.38,7.0,7.56,0.2,0.288,18.28,35.86
48.59,28.97,76.47,3.52,2.96,0.81,0.502,21.04,46.93
62.83,26.52,34.48,13.24,0.46,2.06,0.705,25.86,58.13
30.98,33.91,68.57,17.58,2.79,2.21,0.476,20.24,29.79
38.15,27.78,94.29,6.06,0.91,0.54,0.443,16.67,37.01
80.13,28.01,91.55,6.66,1.46,0.68,0.719,30.6,77.22
18.4,37.78,36.89,13.41,1.53,3.04,0.714,28.24,9.55
47.25,21.0,55.74,2.99,10.21,0.66,0.155,3.85,54.61
64.81,34.61,50.51,18.59,0.66,2.78,0.449,4.89,57.6
25.53,19.03,38.43,7.28,9.37,1.02,0.135,8.31,30.49
18.32,27.55,75.16,2.02,6.33,0.52,0.476,15.86,21.43
24.67,35.73,47.8,3.49,6.24,2.06,0.703,31.38,23.84
79.32,31.3,52.42,18.65,1.39,2.31,0.307,14.56,75.38
15.65,31.7,35.87,4.94,8.34,2.28,0.604,20.88,18.7
28.18,23.27,62.37,13.25,1.19,1.32,0.379,20.55,30.12
17.19,26.37,40.28,3.12,13.88,1.3,0.76,30.11,26.99
22.74,25.33,58.09,3.88,10.41,0.91,0.437,17.57,32.72
58.41,28.43,39.32,17.58,15.83,2.31,0.352,12.55,63.75
31.91,27.24,92.0,2.96,4.31,0.4,0.613,33.4,29.84
54.84,24.54,39.42,0.38,3.56,1.16,0.251,5.25,55.37
56.31,24.11,63.92,10.02,2.7,0.96,0.055,0.16,58.21
74.46,23.02,42.8,17.25,22.12,1.57,0.255,2.28,90.3
15.33,25.3,34.96,6.52,7.28,1.77,0.263,14.36,20.13
74.74,21.0,43.15,2.56,0.93,0.9,0.0,0.0,67.55
58.34,35.44,33.56,19.64,12.61,3.14,0.444,14.06,64.3
26.39,30.04,39.06,13.53,3.42,2.3,0.021,0.0,24.89
69.11,20.68,62.08,17.01,1.8,1.24,0.259,10.21,63.32
74.88,31.88,72.37,15.04,10.4,1.59,0.564,13.93,80.96
32.8,34.95,35.68,13.96,6.34,2.76,0.474,4.54,32.29
79.32,22.75,58.67,7.69,7.52,1.11,0.268,12.94,83.53
46.81,21.01,67.78,6.49,12.51,0.5,0.328,0.0,58.16
57.24,18.17,45.22,14.34,0.34,1.25,0.092,8.63,55.17
83.93,18.95,54.19,14.33,1.82,1.06,0.274,19.75,78.6
40.31,33.25,34.67,19.01,4.41,2.98,0.438,15.66,36.49
71.92,37.74,44.31,11.37,10.66,2.75,0.362,21.55,70.4
37.29,18.9,60.34,5.89,1.18,0.58,0.338,12.69,38.06
70.94,32.96,94.38,9.79,2.94,1.22,0.65,34.28,73.0
57.05,19.44,94.76,12.27,4.14,0.2,0.371,11.36,56.13
30.14,29.84,93.68,8.53,1.72,0.55,0.989,23.41,27.84
43.98,33.12,57.5,15.82,4.09,2.45,0.469,17.34,39.26
37.23,25.18,35.24,11.69,3.54,1.86,0.258,20.06,34.38
20.47,18.22,51.03,0.19,2.3,0.26,0.175,9.87,22.6
17.09,29.9,45.45,11.4,8.32,2.04,0.235,5.84,18.2
39.25,37.82,30.92,12.67,7.07,3.33,0.609,25.1,38.97
16.33,23.15,36.19,18.31,8.65,2.08,0.157,11.81,20.72
26.58,21.79,59.46,8.27,9.31,0.81,0.228,8.15,34.67
65.76,20.48,52.08,11.49,0.54,1.18,0.192,23.04,60.07
64.57,29.11,41.72,9.5,0.65,2.02,0.209,4.85,63.93
66.7,29.93,76.55,10.63,7.72,1.17,0.188,13.17,73.41
37.2,33.85,53.21,1.35,2.55,1.67,0.409,20.11,39.27
77.3,33.06,85.37,17.95,2.21,1.71,0.734,23.7,73.9
56.57,35.85,45.66,18.21,1.84,2.89,0.535,17.79,49.33
23.82,34.12,65.0,10.96,8.91,1.73,0.813,36.99,23.95
25.06,22.95,41.97,11.13,21.04,1.64,0.43,17.22,35.5
63.52,29.12,62.19,1.15,9.27,1.05,0.543,22.65,68.53
27.11,23.95,39.91,11.96,2.43,1.93,0.643,14.61,26.43
50.51,24.6,40.5,8.58,8.52,1.38,0.298,15.26,57.17
84.42,36.64,69.79,14.18,0.62,2.16,0.595,24.35,78.27
15.28,31.64,47.15,0.94,3.29,1.61,0.439,16.3,14.38
16.16,37.49,41.2,14.22,0.34,2.84,0.789,32.14,9.21
84.52,26.34,90.43,5.74,2.56,0.29,0.492,16.23,83.81
55.92,28.75,32.8,13.03,4.89,2.62,0.238,5.49,55.87
23.88,27.74,66.73,12.54,24.1,1.41,0.547,19.34,40.66
77.81,20.15,65.64,4.54,11.39,0.26,0.177,3.95,86.65
76.63,22.73,46.29,8.81,0.35,1.01,0.401,28.32,74.66
52.53,28.55,59.43,16.71,0.42,1.58,0.506,24.7,49.82
58.53,19.35,35.7,12.11,1.73,1.31,0.188,1.34,58.2
34.12,36.63,76.88,1.37,0.38,1.34,0.707,39.08,28.82
18.54,20.48,44.41,8.86,1.86,1.1,0.0,0.0,19.64
56.62,21.96,42.57,6.24,1.85,0.85,0.311,12.01,56.48
35.63,33.31,50.47,12.83,6.06,2.3,0.393,20.31,33.98
61.45,19.94,88.65,12.29,8.71,0.29,0.905,22.58,67.38
73.54,36.01,81.77,0.21,7.13,1.45,0.638,22.84,76.88
16.27,32.51,91.55,12.15,5.3,0.9,0.48,14.8,20.46
56.7,19.37,72.38,14.7,0.58,0.48,0.085,4.45,52.84
31.19,31.84,73.09,15.37,4.54,1.6,0.757,30.98,33.43
76.17,30.63,61.2,1.18,12.81,1.3,0.405,14.93,83.82
32.76,33.15,88.84,6.07,16.43,0.85,0.446,16.22,42.66
57.75,34.56,63.21,8.43,5.91,2.16,0.594,28.95,56.02
53.75,32.37,53.08,3.6,0.36,1.75,0.587,24.1,47.5
42.73,29.72,71.62,8.41,6.01,1.24,0.6,23.04,40.07
62.43,24.45,65.5,1.42,3.53,0.87,0.392,15.78,64.84
65.8,31.95,38.06,2.26,0.47,2.02,0.447,28.0,66.28
54.69,37.14,55.53,13.37,1.09,2.62,0.59,23.47,45.4
68.09,29.75,50.37,5.25,1.39,1.54,0.483,15.26,63.35
83.84,31.29,85.04,14.23,7.74,1.12,0.626,12.33,88.77
44.35,26.74,54.62,0.96,15.88,0.99,0.587,13.7,54.98
51.02,33.12,83.4,11.25,6.72,1.73,0.582,19.32,54.15
15.87,37.95,58.76,7.83,7.96,2.39,0.424,15.44,16.79
70.72,21.21,78.98,15.94,3.79,0.69,0.354,10.12,69.99
51.42,22.05,38.79,15.68,2.17,1.57,0.408,17.6,48.36
43.56,28.79,90.1,7.51,6.89,0.81,0.206,4.4,41.42
21.59,27.63,61.24,12.45,5.37,1.31,0.103,0.0,20.06
77.28,29.43,46.89,4.55,1.56,1.45,0.572,25.43,77.2
42.65,18.98,45.7,11.61,5.03,1.0,0.52,27.99,46.39
62.78,26.09,47.23,1.63,4.05,1.53,0.13,0.0,66.48
25.46,29.66,53.84,8.69,2.92,2.0,0.449,18.54,24.17
82.31,29.7,76.64,3.65,2.08,0.85,0.429,4.86,76.65
27.49,31.15,91.72,17.67,5.91,1.2,0.52,10.93,27.28
28.97,32.4,73.49,8.9,2.24,1.23,0.587,18.76,30.68
75.13,30.83,65.57,11.82,21.06,1.68,0.251,16.36,92.05
78.88,33.8,59.16,7.21,6.52,1.91,0.31,7.12,83.29
29.85,30.5,83.83,5.77,6.0,1.03,0.48,13.33,31.6
47.89,28.75,85.23,4.06,3.39,0.78,0.486,18.68,45.36
66.34,30.12,49.05,18.24,2.64,2.28,0.221,8.63,62.87
76.49,20.02,91.97,15.99,0.22,0.31,0.543,15.94,74.84
41.53,23.46,55.68,2.67,1.7,0.73,0.269,22.13,44.59
51.19,28.55,82.01,14.93,0.34,1.27,0.423,14.49,48.42
66.92,35.46,92.84,8.37,0.33,1.17,0.686,26.76,63.88
66.18,31.58,75.74,0.31,0.87,1.03,0.503,16.69,64.67
69.81,19.81,40.5,10.57,11.72,1.3,0.394,17.63,76.88
54.9,29.85,68.1,2.6,11.67,1.11,0.309,19.15,63.24
22.32,22.43,37.72,4.2,1.75,1.38,0.023,10.86,18.89
78.28,32.68,81.29,13.92,0.55,1.3,0.503,14.55,72.6
75.59,34.55,48.29,5.14,2.51,1.97,0.499,25.56,76.27
70.87,29.87,75.19,17.84,7.67,1.57,0.275,13.76,68.91
21.99,29.83,89.16,13.14,9.79,0.83,0.29,16.87,31.22
29.31,24.77,41.77,16.65,4.96,1.87,0.355,12.93,23.99
67.05,26.93,55.54,12.3,5.84,1.53,0.259,8.72,66.63
16.62,35.28,72.06,17.38,5.32,2.35,0.309,17.36,17.45
83.55,32.47,57.28,7.23,0.65,1.84,0.658,30.72,79.42
41.4,28.4,41.36,10.98,16.41,2.17,0.261,19.32,46.49
65.35,25.36,31.89,10.32,4.94,2.0,0.508,20.5,65.55
77.13,19.01,56.43,18.08,0.12,1.03,0.285,10.17,74.17
42.62,20.86,72.2,3.3,6.17,0.24,0.408,0.73,46.51
37.34,21.86,67.31,11.56,1.3,0.91,0.317,2.37,34.48
57.61,25.47,40.16,15.09,10.47,2.15,0.0,0.0,61.2
55.67,36.88,59.3,7.4,9.54,2.15,0.352,6.75,57.43
43.64,28.1,54.02,17.35,7.3,1.71,0.386,19.55,50.77
57.12,22.7,47.82,7.46,4.88,0.93,0.375,6.37,58.22
80.48,20.12,77.4,3.47,12.68,0.2,0.037,0.0,89.4
47.73,24.77,50.13,11.68,13.76,1.15,0.337,10.04,54.64
28.77,34.31,65.11,8.41,1.35,2.11,0.333,19.88,29.18
41.4,25.67,90.01,0.3,7.23,0.2,0.522,16.2,42.6
42.59,33.45,65.05,1.4,2.11,1.35,0.518,22.41,41.97
24.18,34.05,70.11,3.91,1.1,1.32,0.68,27.01,21.1
26.4,20.22,34.76,15.39,13.75,1.8,0.425,21.55,29.46
62.92,30.17,41.58,17.84,8.3,2.31,0.485,23.53,61.8
38.76,37.18,36.56,10.91,5.28,2.77,0.647,24.4,37.38
81.84,26.04,79.71,2.11,1.53,0.33,0.392,4.71,80.16
32.05,19.02,84.33,10.69,14.08,0.2,0.871,31.72,42.46
21.92,36.47,42.12,17.11,1.28,3.09,0.279,10.48,20.04
67.75,35.67,44.25,14.99,0.91,2.96,0.398,16.83,62.04
76.67,28.44,51.01,5.82,4.07,1.7,0.567,17.12,72.53
34.47,29.05,68.42,2.48,7.67,1.02,0.601,29.7,35.92
29.15,22.23,70.42,18.01,2.8,1.2,0.458,17.47,27.04
28.0,34.39,74.64,17.08,4.81,1.9,0.686,20.56,26.04
51.54,27.97,88.84,1.07,2.1,0.2,0.136,2.42,53.12
47.79,18.68,49.18,16.47,2.39,1.09,0.539,32.04,46.71
33.16,31.66,72.82,1.94,17.91,1.0,0.482,22.29,49.45
18.16,37.01,66.38,1.27,3.68,1.63,0.804,36.83,17.08
48.7,34.58,49.88,15.17,13.36,2.4,0.127,0.0,51.49
82.15,23.54,88.98,10.73,0.31,0.31,0.491,14.54,83.64
60.68,19.07,36.21,8.29,10.65,1.28,0.118,0.4,69.55
49.69,36.81,76.28,18.08,1.63,2.48,0.709,28.05,45.18
22.75,36.74,77.31,16.79,8.48,1.87,0.665,24.23,24.02
32.67,28.65,89.5,1.15,1.61,0.2,0.589,19.45,34.55
35.63,30.85,63.71,12.32,2.59,1.62,0.288,8.77,33.28
68.54,27.25,50.91,15.45,1.05,1.99,0.376,9.53,59.6
76.37,26.4,83.8,11.01,8.62,0.75,0.44,15.64,82.38
78.11,20.39,80.1,19.66,9.84,0.61,0.46,24.17,85.48
83.92,19.94,62.52,13.72,1.7,0.96,0.49,9.53,85.96
83.77,22.65,79.91,2.08,0.49,0.28,0.432,18.48,81.31
81.71,34.73,47.41,3.97,13.2,2.12,0.259,18.1,88.38
20.03,20.92,68.32,16.52,1.96,0.8,0.363,12.7,19.49
24.65,22.53,86.24,19.94,3.49,0.81,0.892,30.71,24.31
36.31,28.97,50.67,1.97,1.33,1.39,0.708,32.44,34.11
53.7,22.3,61.43,2.01,7.9,0.53,0.0,0.0,59.16
21.79,21.26,91.82,15.27,8.08,0.23,0.431,16.23,27.24
74.21,29.27,81.88,1.29,15.03,0.78,0.677,19.5,86.26
58.17,25.36,87.66,1.37,10.92,0.2,0.436,5.33,69.46
52.97,30.52,55.04,17.78,10.29,2.33,0.365,12.96,53.86
26.57,36.24,94.77,16.01,3.83,1.81,0.605,15.41,24.59
32.73,21.02,39.92,17.63,3.36,1.76,0.359,13.59,29.82
26.22,36.27,63.72,13.01,7.8,2.18,0.353,20.12,25.9
74.64,36.05,61.15,6.45,3.61,2.16,0.763,40.13,68.25
55.9,34.58,81.9,18.13,11.23,1.95,0.579,22.58,59.9
66.46,30.63,89.06,5.97,1.22,1.19,0.383,20.68,65.51
35.72,30.4,77.52,5.51,7.0,1.09,0.716,29.6,37.97
40.99,30.78,70.74,17.73,2.27,1.9,0.221,6.09,38.08
43.34,31.81,57.78,13.62,0.98,2.07,0.376,2.72,40.39
68.2,18.33,63.17,17.91,22.97,0.86,0.187,16.85,87.38
69.06,37.16,63.1,3.12,4.21,1.87,0.958,30.1,67.04
29.48,29.71,31.32,19.05,0.68,2.79,0.241,17.47,20.43
80.91,33.63,62.7,12.25,1.96,2.09,0.13,8.15,77.45
23.45,25.55,85.64,13.36,3.06,0.93,0.36,7.84,27.77
77.73,18.25,76.1,18.28,6.87,0.61,0.409,17.42,77.98
22.03,28.19,81.72,7.62,1.98,0.77,0.634,36.9,22.41
33.52,28.14,55.38,14.39,3.54,1.75,0.823,40.49,34.08
74.25,26.74,64.38,12.81,5.46,1.17,0.672,22.48,69.56
27.56,24.79,32.18,15.76,6.47,2.39,0.327,8.16,28.26
43.95,23.0,54.89,17.94,3.82,1.42,0.174,7.22,44.66
46.49,28.55,60.84,13.6,17.69,1.81,0.728,26.67,55.5
32.17,25.51,46.59,1.35,7.98,1.23,0.281,17.88,34.29
64.72,37.4,32.03,3.66,7.59,2.78,0.364,18.25,63.59
74.59,21.46,74.88,19.08,7.34,0.9,0.296,1.11,77.03
76.22,24.39,58.28,19.37,11.31,1.49,0.14,8.08,80.66
38.75,23.88,57.02,19.35,5.11,1.45,0.271,9.21,37.72
52.16,28.87,46.25,0.74,1.19,1.73,0.355,13.7,48.63
32.39,27.99,64.96,7.65,6.19,1.26,0.571,23.2,36.94
32.14,30.87,58.47,15.19,6.94,2.17,0.394,22.15,29.4
26.29,37.0,60.81,15.06,12.82,2.7,0.334,18.57,26.19
80.8,23.7,67.76,1.72,1.03,0.46,0.095,0.0,83.58
77.16,31.86,30.41,12.19,1.43,2.72,0.432,16.06,71.63
69.42,18.5,89.0,2.86,4.35,0.2,0.383,11.85,71.22
51.24,23.25,34.62,9.86,7.53,1.5,0.178,0.0,53.76
49.34,27.27,59.31,4.79,0.78,1.16,0.328,11.8,47.72
52.08,18.62,43.48,1.06,1.07,0.72,0.305,22.65,49.7
52.56,30.35,64.05,1.6,9.2,1.13,0.723,17.19,58.66
45.42,31.57,48.21,18.22,0.83,2.41,0.303,11.36,37.93
24.22,32.93,85.9,14.89,1.45,1.46,0.593,22.19,20.54
23.8,28.33,55.76,18.64,9.72,2.31,0.59,24.14,20.43
81.66,30.08,71.52,9.4,7.43,1.07,0.351,7.56,87.83
48.74,25.92,46.18,8.27,2.0,1.63,0.35,4.73,46.3
81.72,18.83,31.26,7.17,6.67,1.2,0.194,0.0,86.14
26.45,20.0,56.27,12.33,5.54,0.85,0.058,10.18,29.59
53.81,31.1,64.87,7.03,3.67,1.45,0.516,13.73,54.65
29.54,37.91,59.87,14.93,2.72,2.69,0.579,19.0,25.35
32.72,18.32,92.53,16.03,6.43,0.2,0.477,30.76,36.9
17.1,29.15,75.94,17.52,0.94,1.54,0.276,6.1,11.52
23.33,33.02,94.72,4.86,6.36,0.99,0.606,25.09,22.97
79.18,34.54,49.18,10.54,5.06,2.54,0.739,34.48,76.81
37.51,28.9,81.29,4.47,5.42,0.89,0.876,39.4,37.39
57.57,30.4,66.11,0.75,1.37,1.03,0.71,18.98,59.63
47.55,31.93,69.76,14.16,13.09,1.84,0.301,7.17,54.73
43.03,35.18,94.08,10.98,2.01,1.38,0.716,29.03,39.0
52.23,20.45,72.51,14.48,2.41,0.56,0.262,21.54,51.16
28.11,36.52,88.42,1.75,3.52,0.92,0.689,21.62,28.92
84.2,18.52,77.17,19.91,7.41,0.33,0.195,4.46,88.28
72.28,34.72,38.28,19.89,5.26,3.07,0.152,8.3,70.11
66.91,19.53,75.46,9.3,0.46,0.33,0.282,14.45,65.95
47.81,21.89,61.48,17.32,4.15,1.04,0.468,21.86,44.41
25.7,18.08,89.72,4.87,4.51,0.2,0.417,10.77,23.32
79.45,26.91,82.44,14.75,13.36,1.05,0.548,17.65,86.26
38.9,24.69,36.77,17.58,3.01,2.3,0.345,14.39,37.02
18.51,21.32,38.7,16.29,6.84,1.74,0.334,20.26,18.54
38.97,27.02,34.52,16.24,11.52,2.14,0.429,14.88,46.05
70.61,26.05,62.06,9.26,1.27,1.28,0.352,13.26,68.27
58.59,33.35,35.25,16.4,8.32,2.96,0.446,10.79,61.88
67.56,35.86,77.04,13.81,6.39,1.84,0.908,45.68,70.16
70.55,31.05,65.9,2.65,2.9,1.05,0.514,20.46,72.8
29.84,20.49,84.33,2.28,8.41,0.2,0.393,21.4,32.8
79.66,23.91,48.19,15.44,1.24,1.49,0.347,13.35,76.71
45.66,36.27,63.74,12.51,2.06,2.4,0.521,20.31,44.52
59.73,19.77,37.64,10.39,3.55,1.25,0.156,0.0,60.36
15.16,26.14,87.5,18.15,2.75,1.24,0.517,6.75,15.22
84.54,36.85,41.38,13.19,7.62,2.56,0.411,23.12,81.29
34.66,37.01,36.65,7.92,4.04,2.79,0.464,18.1,36.38
19.34,26.22,43.33,8.28,2.45,1.86,0.206,9.07,15.23
47.08,31.35,82.41,12.1,11.36,1.17,0.562,13.86,48.37
24.03,27.13,36.88,15.21,7.37,2.18,0.448,11.6,23.96
25.66,33.07,69.94,11.29,0.61,1.68,0.493,25.1,15.86
59.26,18.63,78.5,10.18,2.47,0.2,0.0,10.44,57.48
42.5,20.88,78.82,14.54,0.77,0.6,0.481,14.55,46.97
79.53,30.28,42.35,14.11,9.88,2.11,0.428,20.29,81.43
37.34,22.65,34.01,16.61,2.18,1.92,0.088,4.48,31.03
65.83,31.32,59.17,1.25,6.84,1.47,0.612,22.51,68.07
47.28,25.02,43.16,15.1,8.22,1.82,0.078,14.08,47.22
61.2,35.73,75.45,10.28,2.3,1.64,0.776,26.75,60.8
56.98,34.39,53.19,1.49,3.39,1.99,0.49,26.06,53.11
48.09,27.86,59.21,13.58,5.49,1.75,0.012,2.75,49.11
81.5,33.46,37.38,14.33,9.4,2.57,0.471,17.8,80.36
38.99,23.42,66.89,10.47,23.77,0.71,0.304,19.78,62.29
27.41,27.89,42.06,15.88,16.31,2.03,0.269,11.97,36.96
62.47,21.95,74.13,6.0,3.99,0.47,0.244,8.69,63.94
74.22,35.22,34.63,4.04,3.94,2.53,0.434,24.78,71.1
17.82,34.46,93.43,7.01,14.97,1.2,0.535,27.82,25.4
46.47,36.04,74.49,8.2,4.21,1.7,0.255,16.9,44.0
77.47,35.55,41.81,13.92,2.24,2.64,0.713,3.75,71.54
67.47,37.19,30.92,16.91,10.01,3.47,0.432,19.04,71.71
84.43,22.57,51.74,14.42,5.75,1.3,0.187,8.38,84.33
52.2,36.64,39.93,3.48,0.6,2.48,0.291,10.86,42.4
61.2,29.42,44.2,7.32,3.03,1.64,0.538,24.09,56.77
36.17,26.45,86.73,3.17,0.81,0.27,0.248,11.0,38.1
81.33,29.21,69.21,13.73,0.03,1.67,0.495,22.87,76.25
40.64,24.85,41.47,4.96,18.14,1.32,0.217,6.64,52.26
66.7,23.77,66.18,10.51,4.77,1.08,0.286,19.84,70.29
43.22,22.83,46.63,15.84,3.16,1.25,0.109,8.8,40.48
54.33,19.65,93.45,13.42,2.45,0.2,0.288,14.22,56.38
65.38,27.93,32.13,5.97,4.29,1.95,0.342,15.96,62.86
50.63,35.76,77.6,6.66,2.41,1.84,0.636,31.13,49.35
78.5,30.6,80.24,13.07,1.3,1.16,0.383,20.7,75.18
44.35,28.42,34.37,10.99,2.58,2.29,0.338,12.17,40.62
60.3,26.57,41.17,1.93,13.8,1.61,0.507,25.21,69.79
38.97,27.29,54.98,17.48,9.82,1.76,0.1,4.84,44.39
43.57,22.19,86.43,10.25,2.58,0.24,0.416,27.31,43.59
45.8,34.46,64.9,9.47,19.61,1.93,0.365,20.47,56.06
23.81,21.97,72.59,3.97,3.94,0.2,0.183,3.19,30.2
21.42,32.33,80.9,7.54,1.72,1.16,0.6,36.77,20.71
61.72,33.2,83.83,6.66,5.99,1.38,0.476,5.49,62.57
60.89,29.5,60.96,5.41,15.61,1.45,0.231,12.61,68.74
61.4,35.26,63.07,11.35,13.27,2.08,0.781,25.52,69.52
16.38,23.82,76.67,9.25,1.83,0.66,0.578,33.25,15.56
37.86,35.63,47.12,17.78,0.97,2.92,0.153,7.33,31.56
28.85,32.59,85.54,18.83,2.86,1.76,0.305,6.83,26.92
69.47,33.97,31.35,4.39,6.95,2.39,0.536,18.75,70.73
75.24,31.29,42.73,2.0,8.73,2.07,0.371,9.82,77.98
32.27,34.93,82.01,15.71,11.76,2.0,0.865,31.04,39.36
61.75,37.86,52.12,19.9,5.03,3.1,0.66,23.12,61.33
24.06,26.4,39.74,17.27,5.19,2.03,0.394,10.47,24.52
34.26,34.28,42.14,0.47,4.85,1.9,0.282,12.32,37.6
24.71,32.89,64.5,5.03,10.51,1.52,0.6,25.16,29.54
34.85,27.06,85.0,0.87,8.86,0.36,0.256,3.76,42.95
62.23,36.54,34.59,16.42,1.75,2.9,0.712,17.1,59.24
78.72,25.89,31.98,11.63,7.94,2.13,0.385,16.51,82.59
29.18,29.31,60.24,10.27,9.95,1.79,0.297,14.47,35.21
52.95,20.12,92.15,11.09,10.63,0.2,0.548,25.21,61.56
64.1,22.52,48.14,5.05,5.75,0.95,0.711,30.31,70.67
81.7,34.81,92.35,12.03,5.46,1.25,0.585,31.67,81.07
57.7,25.93,87.7,0.61,4.11,0.21,0.576,27.88,59.57
32.86,25.88,48.4,12.92,4.56,1.68,0.281,26.75,31.51
58.78,22.92,83.1,14.69,17.3,0.71,0.433,35.08,69.05
37.43,27.83,74.58,13.46,4.71,1.34,0.195,0.0,33.24
83.33,34.12,63.27,6.64,1.92,1.95,0.526,6.82,83.96
42.98,35.9,57.49,16.53,5.87,2.37,0.544,20.62,39.4
62.98,19.4,83.01,14.31,8.58,0.35,0.689,29.2,68.24
16.63,29.5,81.55,2.57,10.26,0.68,0.189,6.73,20.03
43.0,27.35,79.2,3.9,1.28,0.64,0.422,20.27,43.6
76.26,30.29,94.89,12.74,14.57,1.06,0.796,28.62,82.89
57.72,26.95,61.1,5.79,8.3,1.3,0.369,9.86,58.75
46.08,25.97,82.45,2.39,13.91,0.59,0.431,13.12,56.36
80.52,27.44,86.06,3.1,0.72,0.52,0.345,11.9,77.97
74.78,29.64,43.75,3.31,10.97,1.71,0.233,13.91,78.63
37.56,28.02,32.73,9.56,1.2,2.1,0.015,0.0,34.44
53.12,27.44,56.31,12.15,3.23,1.35,0.292,9.37,54.22
49.29,34.36,85.69,3.53,8.54,1.31,0.419,19.36,51.16
59.25,32.91,48.79,14.25,1.04,2.34,0.486,17.29,52.08
38.39,24.83,75.5,5.62,2.39,0.68,0.282,17.42,38.38
32.09,34.01,30.48,6.23,0.7,2.68,0.34,7.41,28.34
78.89,35.07,53.1,4.47,8.34,1.84,0.429,9.48,85.25
79.67,21.07,70.01,15.7,1.71,0.71,0.342,14.84,75.91
74.03,29.65,38.43,19.2,4.42,2.8,0.29,13.44,70.17
83.47,23.71,88.28,9.85,6.4,0.41,0.254,4.47,90.11
67.15,32.78,40.16,0.84,5.81,1.9,0.453,25.26,72.36
68.53,22.78,89.14,5.21,5.32,0.2,0.626,35.34,68.96
68.38,31.43,44.07,3.16,5.31,2.03,0.452,13.4,66.59
48.64,23.1,94.63,16.86,0.78,0.61,0.346,22.06,47.55
46.95,28.22,69.31,1.7,3.42,0.66,0.434,2.2,46.96
31.82,36.97,35.48,19.33,5.27,3.56,0.117,10.9,26.22
60.14,25.63,34.24,11.77,4.74,2.12,0.287,5.76,59.78
35.25,35.51,34.87,10.35,3.85,2.77,0.39,20.69,35.78
33.05,37.74,68.34,16.95,2.01,2.27,0.428,10.5,26.04
56.02,35.5,82.62,0.55,5.69,1.31,0.47,17.45,61.32
43.7,21.32,56.19,15.54,6.71,1.28,0.239,4.24,44.42
30.32,34.39,58.91,2.33,2.77,1.51,0.696,25.18,29.79
72.12,18.64,68.3,16.82,10.32,0.69,0.506,30.21,81.41
75.24,25.87,64.65,10.58,14.81,1.66,0.24,8.47,84.23
26.74,35.41,74.72,1.22,4.51,1.38,0.487,31.17,26.26
15.53,31.78,60.67,16.66,1.8,1.98,0.395,12.69,13.72
38.53,28.65,76.4,0.55,1.03,0.54,0.63,32.88,37.07
70.83,25.76,94.83,2.77,3.18,0.34,0.522,10.08,73.64
73.74,34.25,52.77,15.96,4.19,2.61,0.514,17.8,70.41
24.68,32.19,30.79,9.3,0.95,2.76,0.497,15.66,21.39
69.2,27.37,38.17,17.63,3.08,2.34,0.243,18.45,62.51
23.1,35.85,65.98,12.71,9.87,2.34,0.806,31.75,22.83
42.3,22.6,52.38,12.47,4.79,1.16,0.321,0.0,39.96
84.9,21.41,91.1,5.84,2.37,0.2,0.265,2.22,85.96
28.48,30.86,70.78,2.67,4.32,1.17,0.459,11.36,25.7
25.78,37.44,63.82,19.22,15.45,2.85,0.8,36.0,29.42
44.6,22.95,81.87,2.1,4.12,0.2,0.338,17.68,44.38
58.38,22.99,46.81,10.58,3.54,1.28,0.481,16.48,61.41
80.3,20.79,83.28,5.45,7.88,0.2,0.274,7.13,83.53
83.66,35.21,30.2,5.28,5.76,2.4,0.306,15.92,80.04
19.87,22.53,70.28,11.89,4.81,0.46,0.492,11.94,22.59
24.66,28.06,90.76,15.96,5.96,1.1,0.361,16.46,30.21
70.35,37.82,81.21,15.54,12.21,2.02,0.784,32.03,74.59
33.94,18.24,85.49,17.38,9.34,0.25,0.418,14.25,39.73
76.94,29.13,55.8,5.86,3.3,1.61,0.272,12.73,79.03
61.44,28.25,83.58,9.32,14.8,1.08,0.487,19.1,72.64
22.83,34.15,65.8,0.19,2.54,1.52,0.436,19.55,22.55
73.28,25.11,70.21,14.94,4.79,1.47,0.475,10.05,71.95
27.34,26.21,33.83,6.05,5.33,1.86,0.659,28.74,28.22
44.64,21.36,43.1,11.23,3.13,1.4,0.208,14.06,40.33
53.65,32.82,65.81,3.39,13.55,1.5,0.611,25.13,59.61
50.05,33.69,33.82,16.39,2.97,2.73,0.436,20.19,49.33
63.03,20.73,78.19,16.35,3.8,0.79,0.375,13.59,66.53
60.69,25.87,84.6,17.55,10.52,0.64,0.437,21.96,67.64
84.44,35.86,89.82,0.92,2.65,0.94,0.478,18.56,79.69
84.96,18.05,36.61,19.85,0.89,1.61,0.266,3.22,78.57
51.15,23.98,91.08,4.96,4.92,0.2,0.406,20.35,52.4
21.66,29.1,34.4,6.19,1.32,1.97,0.202,0.0,18.25
65.95,24.68,60.81,4.99,1.13,1.2,0.56,22.99,60.75
83.37,23.44,84.62,5.35,0.16,0.4,0.448,14.73,81.48
37.28,27.2,34.57,11.05,0.22,1.98,0.296,8.55,37.12
47.28,21.63,31.19,4.8,0.26,1.31,0.484,19.43,45.21
44.73,28.59,31.62,7.88,16.38,1.95,0.018,0.0,54.56
18.6,32.13,63.23,13.11,0.25,2.01,0.726,30.65,11.06
62.06,29.51,82.75,16.72,1.28,1.3,0.357,13.92,55.43
39.73,19.86,38.28,13.85,3.87,1.16,0.276,6.78,36.82
70.12,34.89,38.1,11.89,7.58,2.74,0.357,21.59,65.91
73.25,21.5,66.96,2.95,8.27,0.46,0.182,8.15,78.97
72.49,33.3,45.23,16.32,1.8,2.74,0.697,30.26,68.01
44.17,25.21,77.46,0.75,4.71,0.35,0.77,37.75,44.05
37.51,33.66,91.73,5.28,3.75,0.92,0.565,29.88,38.16
67.42,22.13,79.79,1.14,4.45,0.35,0.457,20.83,73.35
71.1,21.73,87.02,13.35,5.04,0.38,0.422,14.23,78.12
49.39,27.94,63.77,7.37,6.38,1.36,0.747,19.8,52.99
77.51,18.66,84.1,13.04,2.32,0.2,0.0,1.24,77.87
25.07,22.51,41.89,6.94,2.99,1.39,0.356,20.1,25.77
76.53,32.48,34.44,9.11,22.99,2.25,0.285,12.94,93.52
21.73,34.75,72.64,9.16,2.49,1.65,0.14,0.0,15.3
25.75,19.62,33.38,0.91,4.79,0.79,0.154,11.09,31.4
52.37,35.64,88.01,8.6,3.79,1.3,0.956,41.93,50.17
19.73,33.95,74.95,12.82,4.61,1.95,0.441,14.95,17.44
18.7,35.39,91.89,10.92,10.75,1.29,0.774,35.34,22.73
15.04,31.97,50.4,1.51,3.57,1.79,0.671,29.28,14.51
45.54,31.48,61.6,13.36,1.07,2.12,0.48,14.12,38.63
69.22,28.5,78.21,6.18,2.28,0.88,0.509,26.96,67.71
17.44,31.06,45.78,0.29,3.58,1.81,0.119,0.0,18.17
60.66,36.38,65.22,3.11,5.2,1.86,0.437,16.28,61.33
72.62,20.01,72.87,9.95,1.81,0.44,0.507,18.32,73.16
26.76,24.32,93.62,6.21,2.06,0.24,0.482,13.35,26.54
25.28,19.45,78.41,13.89,5.38,0.69,0.418,17.71,28.84
75.26,36.9,37.68,4.81,5.56,2.5,0.515,27.45,76.65
72.62,26.91,60.9,15.46,9.52,1.45,0.806,38.11,78.26
52.73,31.51,68.27,5.73,2.24,1.23,0.425,20.49,52.42
72.34,34.82,39.53,12.42,6.95,2.85,0.755,18.51,73.73
21.49,37.82,58.08,15.98,3.8,2.84,0.591,14.43,20.06
42.61,21.24,48.46,7.71,2.63,0.97,0.594,23.56,48.34
66.65,33.99,37.72,0.94,3.92,1.84,0.228,8.44,69.03
33.02,35.75,63.28,10.71,4.48,2.02,0.584,19.22,31.59
67.66,18.98,40.77,19.91,0.91,1.67,0.161,17.55,61.52
50.29,33.08,68.38,19.38,1.02,2.13,0.551,21.59,44.85
67.52,25.09,41.03,4.42,7.81,1.46,0.545,23.95,69.51
47.53,30.97,77.03,15.11,2.92,1.46,0.589,28.3,46.83
40.75,28.28,42.69,6.9,5.24,1.94,0.597,23.01,38.72
30.34,23.19,88.26,3.21,7.61,0.2,0.317,27.59,38.2
29.59,20.7,31.7,13.32,3.95,1.76,0.083,0.0,25.41
67.6,20.34,63.93,10.02,7.07,0.71,0.325,8.7,67.37
23.32,20.07,50.81,10.78,4.51,1.1,0.271,4.66,23.9
21.02,30.76,44.63,16.55,4.72,2.47,0.387,24.07,16.67
27.34,25.03,60.65,6.73,11.48,0.9,0.21,12.79,31.34
27.27,22.33,84.73,13.34,3.53,0.55,0.63,20.67,26.35
72.62,31.84,89.49,7.32,7.89,1.08,0.506,14.03,74.46
42.9,31.74,49.71,0.85,0.69,1.83,0.707,35.17,39.09
84.33,28.78,40.03,7.56,5.06,1.99,0.379,16.58,82.37
24.6,36.7,76.81,19.0,13.92,2.09,0.723,35.92,28.8
60.75,25.71,67.83,9.67,24.25,0.93,0.515,19.19,77.84
46.41,34.72,43.07,2.16,0.75,2.08,0.327,15.48,45.0
42.5,19.5,79.42,13.76,2.9,0.42,0.422,17.83,46.42
76.26,32.8,63.73,19.27,1.36,2.21,0.855,28.75,71.75
83.29,37.77,72.47,18.16,3.68,2.24,0.654,24.0,81.0
76.1,34.93,53.36,11.44,9.02,2.16,0.671,18.4,77.87
28.46,29.59,58.54,7.53,11.82,1.22,0.569,24.6,35.96
30.46,30.54,41.72,11.61,12.13,1.76,0.463,22.18,36.81
60.93,25.07,79.17,16.32,0.65,0.99,0.472,23.88,61.26
35.24,31.59,40.21,17.22,4.39,2.96,0.518,23.68,27.14
66.43,33.41,80.59,16.38,2.19,2.0,0.705,26.03,62.32
54.65,37.96,81.87,9.11,3.46,1.63,0.397,24.39,54.09
53.56,27.85,78.53,2.38,2.56,0.67,0.523,25.22,53.56
73.0,19.23,31.26,11.38,0.7,1.24,0.174,14.94,67.96
64.74,29.92,47.75,3.13,11.92,1.44,0.347,21.88,67.93
16.86,20.38,60.44,1.22,1.83,0.2,0.545,19.97,19.35
18.46,22.9,68.71,9.97,2.24,0.76,0.243,11.55,16.21
57.11,24.58,89.75,13.11,13.98,0.53,0.212,12.7,62.32
49.03,32.62,54.41,17.08,0.52,2.38,0.621,16.69,45.63
33.21,21.68,86.88,15.66,6.3,0.58,0.155,0.0,37.51
44.31,21.32,40.62,17.14,10.1,1.62,0.0,0.0,48.28
68.05,18.9,54.13,15.2,13.11,1.04,0.434,15.86,73.41
72.86,35.46,33.4,14.06,5.92,2.83,0.486,16.46,70.89
54.29,31.87,78.26,0.2,8.01,0.72,0.623,15.06,62.02
41.98,18.8,39.79,12.52,10.1,1.04,0.147,6.47,43.56
33.95,18.57,46.71,2.41,3.73,0.71,0.0,0.0,31.78
51.53,29.17,80.39,1.17,1.53,0.62,0.29,18.13,49.59
37.03,23.65,64.76,3.13,14.83,0.37,0.325,24.43,47.64
54.49,29.93,30.91,16.47,7.29,2.65,0.138,7.97,53.13
62.37,26.69,30.15,14.88,4.39,2.13,0.371,9.92,62.39
19.63,36.47,63.19,18.98,0.76,2.81,0.478,22.06,15.94
15.07,23.76,49.82,19.58,6.19,1.69,0.364,13.89,16.19
29.86,31.58,41.72,17.87,0.07,2.71,0.452,15.73,24.75
77.62,19.08,69.88,2.66,4.34,0.25,0.39,9.67,80.96
60.24,37.12,44.85,17.57,1.93,2.87,0.606,20.25,54.93
27.04,37.62,68.49,16.77,2.55,2.44,0.533,19.18,19.99
77.32,32.78,54.65,17.42,12.24,2.45,0.514,24.35,78.67
47.9,27.3,42.14,3.03,1.96,1.56,0.403,18.4,42.67
48.33,22.4,38.98,2.34,4.55,1.2,0.0,10.95,49.02
80.49,34.25,45.4,18.48,1.97,2.58,0.591,26.52,76.08
19.16,32.73,31.94,3.48,5.68,2.39,0.439,19.22,15.13
30.06,22.44,50.03,7.37,4.96,1.03,0.413,13.86,31.6
56.0,27.02,88.63,9.12,4.34,0.68,0.265,3.83,55.58
28.68,27.26,84.04,2.49,10.13,0.6,0.429,12.89,32.82
62.57,34.53,54.18,0.41,0.52,1.87,0.309,7.54,57.72
29.99,31.68,67.43,19.88,0.31,2.11,0.636,8.82,22.22
21.94,30.86,66.88,17.53,0.99,1.99,0.236,2.9,19.39
29.49,31.0,83.87,18.25,4.98,1.62,0.374,23.84,28.5
44.59,23.41,45.36,5.69,6.59,1.45,0.408,17.73,48.44
27.33,25.43,49.27,4.4,6.51,1.25,0.241,6.9,28.82
24.43,18.91,49.62,8.52,2.98,0.87,0.09,5.83,23.63
75.22,33.74,32.66,9.07,15.13,2.77,0.592,10.79,86.1
37.43,26.66,50.45,0.11,6.09,1.07,0.547,22.47,35.93
40.25,26.76,87.06,15.59,13.76,0.73,0.618,31.14,51.59
18.87,22.91,89.28,19.93,11.75,0.8,0.589,21.66,29.31
40.02,22.19,37.13,10.57,2.98,1.51,0.228,0.0,40.84
33.54,29.76,59.77,7.77,9.05,1.35,0.414,13.24,36.84
57.73,22.65,54.79,7.86,2.97,1.1,0.212,15.75,60.69
29.38,19.28,61.81,1.92,16.65,0.49,0.33,14.09,40.86
77.19,33.35,66.06,5.32,3.29,1.35,0.428,7.77,75.14
80.08,25.53,31.32,10.04,6.88,2.12,0.224,22.72,79.64
21.99,25.6,84.75,8.64,19.14,0.2,0.571,14.19,35.1
22.52,26.63,93.29,10.9,7.15,0.49,0.717,25.81,23.92
23.07,34.3,72.47,16.98,2.65,2.32,0.629,17.66,22.14
58.37,24.42,72.93,4.5,0.83,0.53,0.733,21.64,55.4
23.54,33.16,64.32,0.55,0.53,1.41,0.388,12.05,20.88
74.67,36.79,51.73,0.76,6.49,2.17,0.201,11.46,72.07
67.8,31.22,39.68,2.68,3.92,1.68,0.541,28.3,67.04
72.39,26.63,67.96,11.41,1.01,1.22,0.289,8.68,67.28
51.82,32.96,32.92,16.16,8.24,2.88,0.369,7.95,49.19
84.77,27.16,83.59,17.74,8.14,1.43,0.165,9.13,87.25
18.09,26.29,57.36,12.7,3.85,1.32,0.23,11.77,20.29
43.09,28.51,56.96,8.06,14.25,1.45,0.153,7.26,52.46
37.68,24.35,51.27,3.09,0.37,0.91,0.266,11.76,37.01
81.41,20.09,93.01,8.03,2.76,0.2,0.334,12.03,82.24
55.38,26.3,41.37,6.65,7.12,1.8,0.36,14.26,56.27
71.43,20.48,39.84,17.4,1.19,1.63,0.475,16.95,69.82
26.92,26.21,40.76,9.73,8.95,1.69,0.462,23.99,28.56
83.5,29.14,72.8,4.52,11.28,0.93,0.189,20.53,92.23
49.9,36.61,94.47,5.78,0.02,1.11,0.767,30.23,49.71
49.56,18.72,45.31,2.73,14.64,0.6,0.262,9.91,58.0
82.96,30.43,88.87,18.37,6.74,1.15,0.53,21.69,83.07
41.65,27.15,48.11,1.01,2.42,1.25,0.373,10.21,39.64
42.83,18.41,72.11,0.26,0.61,0.2,0.354,18.05,38.96
55.93,22.99,32.63,3.66,9.99,1.3,0.143,8.09,60.12
23.96,20.37,62.22,16.22,0.94,1.03,0.284,8.28,24.8
37.48,22.34,72.55,10.47,6.73,0.7,0.591,27.86,37.87
28.52,23.49,64.86,12.52,0.99,0.97,0.245,9.43,29.75
22.23,26.03,45.46,7.15,4.24,1.51,0.166,0.5,21.4
75.63,28.58,83.85,1.37,9.62,0.86,0.494,20.89,86.36
56.25,18.02,93.06,17.12,2.45,0.38,0.171,7.92,54.76
40.11,21.24,59.85,3.84,14.56,0.43,0.013,6.26,50.52
43.61,19.87,71.33,0.66,7.26,0.2,0.275,15.44,46.58
45.21,28.99,81.38,11.45,1.19,0.93,0.765,28.41,41.42
59.32,24.58,45.7,1.67,0.69,1.3,0.324,9.47,60.3
79.87,28.97,86.19,1.92,1.69,0.48,0.55,20.92,80.86
80.29,22.44,48.21,16.01,4.04,1.57,0.0,2.18,82.16
42.4,18.48,80.43,9.83,15.68,0.39,0.422,18.95,50.34
38.05,36.83,37.29,4.83,18.1,2.6,0.506,21.04,48.73
46.57,20.17,48.75,6.97,2.35,1.02,0.154,5.31,43.72
54.76,20.54,64.69,14.58,2.26,0.97,0.36,19.64,50.27
47.33,20.93,64.12,1.33,8.38,0.25,0.362,9.71,53.97
61.11,37.63,85.28,2.33,8.32,1.52,0.455,32.15,64.66
53.81,30.35,94.75,12.33,12.73,0.79,0.624,28.3,61.49
37.45,30.21,36.97,12.14,13.01,2.54,0.604,16.21,43.94
39.2,37.73,47.64,19.45,1.54,2.99,0.493,19.84,35.31
41.5,19.77,53.24,7.49,0.49,0.71,0.125,9.39,43.43
21.62,37.49,61.13,1.3,7.36,1.74,0.539,18.38,20.96
26.62,22.08,62.1,10.75,5.24,0.78,0.496,9.89,32.21
65.62,30.46,85.65,12.77,0.47,1.11,0.318,5.86,67.56
42.24,26.4,80.09,2.79,7.04,0.2,0.565,24.74,45.98
30.02,25.68,31.23,11.06,3.68,1.99,0.182,0.0,24.64
54.39,36.62,59.58,3.96,7.19,1.91,0.597,13.98,52.77
67.89,20.98,70.17,16.89,1.08,1.01,0.249,12.67,64.5
33.02,37.94,59.93,16.7,7.67,2.73,0.472,16.59,37.62
72.88,25.58,38.49,8.59,5.88,1.62,0.598,18.56,73.72
79.93,30.98,55.84,19.33,8.17,2.19,0.204,4.76,79.8
56.82,37.36,56.76,19.6,2.54,2.79,0.643,15.61,50.49
61.83,19.15,42.2,2.59,1.95,1.01,0.551,23.83,57.6
18.68,36.46,79.16,7.35,0.61,1.51,0.733,23.0,17.43
81.19,29.36,50.89,12.01,3.05,1.8,0.178,3.57,79.29
42.47,32.09,68.28,1.7,10.88,1.09,0.28,12.74,53.96
79.67,20.98,63.52,7.65,13.49,0.42,0.195,5.87,90.87
55.53,28.67,87.03,5.22,0.95,0.69,0.545,16.46,56.3
15.32,31.47,37.93,19.04,4.04,2.77,0.452,5.22,11.61
17.7,27.12,37.43,8.23,15.87,2.07,0.115,6.58,23.55
62.63,21.1,49.52,15.25,17.62,1.5,0.133,5.53,71.14
54.39,22.88,58.03,7.73,2.92,1.32,0.196,4.35,50.46
16.86,35.09,49.41,2.64,11.7,2.03,0.467,11.52,24.35
67.04,18.69,79.61,17.26,10.08,0.43,0.701,26.73,71.95
74.65,32.18,45.94,0.01,9.39,1.55,0.278,13.43,81.35
49.75,37.99,35.51,1.12,0.35,2.69,0.325,12.96,44.88
47.6,18.15,56.9,7.29,2.18,0.56,0.064,12.26,46.93
15.38,21.22,80.27,13.74,3.6,0.62,0.499,23.17,13.02
70.07,31.48,85.29,6.83,3.49,0.84,0.546,20.09,71.18
38.15,19.2,77.67,1.33,3.99,0.2,0.185,11.45,40.16
76.51,29.8,66.26,6.36,19.16,1.34,0.405,15.7,91.1
41.11,31.68,77.07,4.9,3.03,1.17,0.389,15.05,39.02
54.56,29.76,74.29,0.11,6.14,0.72,0.548,28.59,58.97
33.92,25.3,45.23,10.7,5.94,1.81,0.823,25.9,38.06
26.24,31.95,65.8,2.33,4.05,1.64,0.601,22.97,26.39
69.24,29.89,80.09,5.75,1.04,0.78,0.497,26.02,69.53
49.76,22.15,50.61,12.82,4.62,1.41,0.189,9.05,51.3
52.55,29.26,72.51,14.5,0.14,1.04,0.24,6.89,54.27
82.58,35.64,61.3,5.27,6.73,2.01,0.676,15.43,84.49
82.45,31.34,62.71,6.58,0.09,1.27,0.605,9.39,81.19
74.89,27.44,35.85,4.94,6.18,1.72,0.26,22.34,75.79
28.13,24.43,73.3,19.14,2.05,1.03,0.63,25.78,24.3
56.6,19.72,86.27,3.81,1.26,0.2,0.383,11.06,53.87
76.47,22.89,39.19,3.66,8.49,1.37,0.425,18.26,83.21
41.21,18.22,53.8,8.9,2.65,0.42,0.313,6.21,39.53
22.08,37.73,33.16,3.79,4.38,2.68,0.459,15.44,21.77
71.77,22.45,31.93,3.13,0.38,1.29,0.086,0.0,70.46
48.72,34.3,94.33,1.92,14.31,1.05,0.596,14.18,60.2
54.51,21.37,62.08,12.8,4.82,1.01,0.483,5.74,54.46
83.75,23.67,53.11,12.24,4.81,1.18,0.248,0.0,82.89
57.5,26.37,47.87,13.0,6.86,1.69,0.443,22.97,59.54
44.75,24.49,93.7,15.47,15.49,0.79,0.279,4.66,54.28
40.9,33.97,46.4,6.53,2.91,2.3,0.614,26.55,34.94
44.23,37.15,77.17,18.37,14.76,2.1,0.67,31.21,55.2
23.29,35.51,48.44,14.66,2.79,2.6,0.287,10.99,17.65
70.63,21.07,34.58,16.09,2.12,1.72,0.204,5.98,65.68
73.64,33.53,74.41,14.42,6.44,1.73,0.719,28.12,73.56
34.91,20.96,30.11,7.17,22.24,1.2,0.003,0.0,53.48
36.27,36.27,73.92,5.66,11.69,1.57,0.398,22.35,36.8
76.2,28.36,46.27,8.45,7.11,1.98,0.377,25.57,79.97
16.68,24.73,78.5,1.94,6.34,0.29,0.815,39.68,18.04
51.43,21.14,80.03,9.03,4.57,0.29,0.261,0.0,54.77
47.46,18.24,77.07,0.86,14.22,0.2,0.419,13.3,56.74
63.31,22.96,31.59,0.08,8.68,1.61,0.311,11.84,71.85
26.44,36.28,75.74,18.63,0.59,2.21,0.49,21.41,21.46
61.78,33.95,94.36,13.79,1.27,1.48,0.646,14.19,57.2
41.37,37.4,45.77,11.24,7.34,2.64,0.443,6.36,40.88
58.31,20.02,47.83,6.82,0.98,0.87,0.204,15.6,56.9
17.81,29.84,82.88,11.41,4.8,1.13,0.222,5.09,19.27
47.32,23.14,40.43,17.83,9.33,1.76,0.289,2.06,51.65
51.56,28.86,72.94,13.05,6.48,1.33,0.639,17.64,53.18
30.0,24.41,79.08,12.05,0.77,0.9,0.439,19.01,24.49
24.77,23.67,32.42,9.2,1.38,1.61,0.474,13.06,21.19
28.19,29.48,65.99,6.91,6.67,1.31,0.57,23.09,31.67
39.09,21.67,67.43,13.97,20.37,1.0,0.342,7.11,51.34
21.78,27.38,49.72,19.62,3.84,1.98,0.272,0.0,21.7
81.31,31.02,86.96,8.5,9.61,1.16,0.464,26.16,85.94
43.35,20.56,40.58,7.84,6.53,1.2,0.0,2.39,45.41
71.63,36.61,53.67,8.56,2.02,2.31,0.487,16.51,70.87
83.21,28.11,85.16,8.51,9.71,0.48,0.528,16.95,85.19
20.65,34.39,42.39,19.81,0.36,2.87,0.777,38.31,11.82
60.62,31.08,83.39,14.14,9.1,1.4,0.636,27.73,66.9
76.0,32.2,35.14,7.18,6.91,2.6,0.258,16.68,80.3
59.4,32.32,61.8,7.43,2.27,1.78,0.236,5.47,62.81
45.03,35.5,34.9,8.62,1.12,2.88,0.425,16.46,39.71
45.18,30.27,74.06,0.73,2.51,0.72,0.647,27.01,46.24
17.51,23.56,81.39,10.56,1.83,0.54,0.383,11.25,19.09
52.42,19.99,85.24,16.23,3.21,0.58,0.478,17.6,55.68
84.55,30.13,93.78,13.21,2.83,0.83,0.526,16.47,84.91
82.11,19.33,73.68,3.97,2.26,0.22,0.465,20.06,85.05
17.83,22.83,79.99,14.56,0.33,0.82,0.12,0.0,16.84
64.41,19.21,62.87,14.39,0.9,0.85,0.591,25.87,63.35
36.12,28.98,89.33,5.25,11.06,0.56,0.327,14.31,41.27
78.21,21.21,71.84,12.46,2.34,0.53,0.502,17.84,77.21
18.16,30.21,87.43,12.22,3.28,1.35,0.491,21.37,15.83
80.51,33.82,45.3,16.8,2.66,2.76,0.447,14.81,73.3
73.62,34.44,62.29,2.72,14.49,1.72,0.485,14.41,77.77
23.23,24.19,77.44,3.9,1.78,0.35,0.466,20.98,22.25
19.19,28.98,43.18,9.72,1.62,1.97,0.472,21.44,15.07
73.43,29.26,43.74,0.88,7.05,1.6,0.586,19.21,75.89
25.9,27.46,93.57,8.31,5.17,0.57,0.771,25.74,29.3
52.44,31.1,58.25,15.76,7.23,2.16,0.526,18.89,53.38
79.1,22.2,41.82,2.97,6.82,0.97,0.592,19.18,81.6
54.72,37.58,51.55,9.2,9.92,2.29,0.56,30.44,55.05
42.81,19.96,55.83,19.8,0.73,1.3,0.486,20.36,41.44
46.15,34.58,70.5,10.12,6.45,1.54,0.632,24.12,47.1
19.42,29.88,90.0,9.97,1.63,0.84,0.444,11.29,17.29
82.81,22.9,94.13,11.18,0.16,0.2,0.483,22.81,80.93
36.75,32.91,72.36,3.72,6.78,1.39,0.626,20.13,37.19
28.26,19.69,75.49,2.94,6.42,0.31,0.341,9.04,31.26
35.02,33.49,50.92,13.55,4.21,2.06,0.554,25.7,31.82
82.51,29.8,85.72,7.92,10.07,1.24,0.685,28.35,86.58
21.6,20.22,44.16,5.8,1.65,0.94,0.256,0.0,22.42
75.71,19.59,36.91,0.63,7.82,0.92,0.0,0.0,81.32
64.55,33.02,93.26,16.92,3.61,1.19,0.902,35.03,67.15
73.1,23.86,86.17,0.65,3.91,0.2,0.388,12.7,78.48
83.31,35.79,49.74,15.0,0.22,2.66,0.363,14.75,81.95
73.95,33.24,73.89,7.64,10.16,1.48,0.343,2.17,80.34
81.04,31.96,60.36,11.97,6.19,1.62,0.425,0.0,83.69
23.89,23.57,51.0,4.95,7.56,1.08,0.23,2.9,26.51
70.71,32.18,48.64,3.11,1.37,1.95,0.321,13.89,69.59
53.2,36.96,38.84,10.67,5.54,2.8,0.373,0.0,50.26
53.04,19.83,65.71,13.91,3.6,0.94,0.415,10.71,49.64
77.92,24.52,59.03,3.91,6.5,1.08,0.735,16.41,84.25
83.03,22.69,63.29,8.73,5.3,0.76,0.503,17.66,82.02
64.34,25.87,44.0,8.89,16.81,1.87,0.547,32.53,74.33
48.81,32.85,91.01,4.32,12.84,0.88,0.523,18.56,54.84
46.95,27.48,71.51,11.3,3.18,1.2,0.471,17.24,48.92
42.04,29.41,88.47,2.92,6.77,0.58,0.608,28.15,48.66
40.31,24.28,37.1,10.19,2.9,1.73,0.182,7.04,39.94
42.41,20.83,70.49,2.27,9.85,0.2,0.272,9.05,52.74
21.28,23.34,85.22,9.71,3.76,0.38,0.585,27.77,22.44
20.42,35.19,51.51,6.23,2.47,1.96,0.704,29.57,23.01
69.59,30.05,42.68,9.04,5.47,2.29,0.416,17.54,70.58
46.23,25.56,47.23,8.67,12.03,1.75,0.135,4.3,50.02
80.15,33.8,47.74,18.16,10.5,2.79,0.422,13.96,82.27
57.86,19.29,59.07,9.8,2.64,0.66,0.032,6.72,57.68
17.46,23.08,51.19,16.37,15.65,1.38,0.338,10.84,25.9
26.03,22.6,47.63,4.51,1.48,0.95,0.353,20.8,20.7
29.41,37.71,72.15,7.04,2.13,2.2,0.558,14.93,27.15
83.3,32.12,33.45,1.5,9.49,2.02,0.451,25.73,83.2
30.31,30.36,52.12,8.41,0.16,1.45,0.512,22.28,20.6
51.1,18.1,74.83,13.37,4.39,0.51,0.367,8.14,51.96
80.53,21.69,41.43,16.76,3.16,1.9,0.058,5.27,76.66
83.4,30.71,44.36,11.32,16.39,2.41,0.373,10.28,89.31
31.55,25.59,43.04,12.8,1.15,1.96,0.412,15.85,20.22
18.44,36.49,30.06,3.55,1.33,2.87,0.747,25.45,11.2
25.75,33.29,60.79,0.74,18.2,1.52,0.458,16.6,36.92
19.43,26.95,32.53,15.83,3.2,2.01,0.426,21.84,15.3
28.66,32.99,47.74,3.34,11.65,1.93,0.621,26.71,34.62
54.8,37.51,94.66,1.82,2.67,1.18,0.636,17.42,57.55
78.87,27.22,89.7,18.75,2.03,1.03,0.709,20.54,78.27
52.61,30.85,43.98,19.27,12.13,2.52,0.636,25.8,58.53
58.82,36.37,50.15,12.33,21.74,2.43,0.77,31.3,73.23
29.13,22.97,60.14,7.57,12.9,0.75,0.433,12.39,35.11
71.04,35.73,84.89,16.66,2.48,2.12,0.99,47.17,68.01
58.25,19.95,82.17,4.09,4.2,0.21,0.26,14.76,63.09
75.49,30.97,38.21,8.59,1.42,2.22,0.786,26.13,70.27
81.42,33.66,38.09,7.14,1.75,2.44,0.582,17.8,75.48
39.35,30.29,57.09,18.25,1.64,1.97,0.692,24.93,36.6
21.34,27.91,86.56,18.4,2.74,1.27,0.446,14.95,16.23
30.82,30.35,87.34,13.02,4.91,1.4,0.694,33.92,28.01
45.65,21.03,36.98,2.21,4.38,0.84,0.508,25.22,45.29
81.2,22.31,67.33,9.64,8.35,0.83,0.166,6.52,86.86
41.48,23.4,40.12,4.91,5.16,1.4,0.267,14.21,42.94
68.95,29.96,74.6,17.7,7.67,1.71,0.113,9.22,73.27
52.83,26.84,89.57,2.77,8.77,0.55,0.464,17.99,56.17
27.8,22.89,59.56,1.09,2.53,0.93,0.2,10.02,25.46
37.45,35.66,35.4,14.09,3.68,2.92,0.427,19.79,34.91
60.72,25.48,67.65,9.07,30.0,1.11,0.936,38.51,79.83
62.1,26.92,56.55,16.77,2.3,1.78,0.708,22.22,57.68
45.43,26.19,82.71,1.49,8.06,0.26,0.207,3.8,46.91
31.01,21.64,52.12,16.02,0.82,1.41,0.406,13.7,28.48
65.53,32.63,86.87,0.75,8.99,0.9,0.719,23.08,74.28
26.82,26.97,47.79,0.56,1.88,1.29,0.312,3.02,23.33
80.57,18.33,40.24,9.23,4.54,0.93,0.253,13.66,84.13
28.15,37.28,49.92,4.43,4.09,2.24,0.584,24.26,26.27
22.51,34.32,32.27,11.87,4.18,2.75,0.194,0.0,15.83
49.84,32.47,48.28,0.52,3.54,1.61,0.271,8.86,47.28
51.37,35.38,72.91,0.71,6.56,1.44,0.605,21.9,51.13
50.57,36.14,39.25,14.54,11.29,2.99,0.503,20.19,52.09
45.57,24.75,37.24,4.2,1.33,1.63,0.18,0.36,44.32
84.64,30.22,38.61,13.13,3.63,2.22,0.251,1.42,87.08
49.04,30.18,35.04,15.0,0.27,2.43,0.367,17.05,39.96
48.46,23.35,86.85,1.19,5.1,0.22,0.595,13.42,50.66
44.52,22.44,91.37,15.4,1.19,0.4,0.422,14.64,41.37
19.68,20.28,33.03,5.37,4.34,1.25,0.52,17.82,17.08
56.51,31.19,79.4,7.79,5.3,1.15,0.406,14.68,58.11
30.96,33.62,77.91,1.73,0.38,1.33,0.598,24.23,28.06
59.63,33.22,94.8,16.77,6.09,1.55,0.544,30.26,55.65
18.56,24.33,52.61,11.21,10.84,1.55,0.454,7.64,23.74
83.7,22.11,48.56,10.09,7.42,1.23,0.162,11.4,83.7
47.83,27.07,59.45,19.37,1.37,1.69,0.756,13.67,44.36
77.77,28.94,85.68,6.69,4.06,1.05,0.212,16.41,81.38
48.29,36.38,77.36,17.82,4.54,2.27,0.912,22.38,47.27
19.22,35.5,60.66,14.39,3.7,2.26,0.556,35.73,16.71
72.55,36.32,45.9,18.57,0.75,3.17,0.607,20.73,64.34
60.37,35.01,77.26,18.16,1.68,1.96,0.822,38.98,56.22
69.72,37.29,85.54,19.82,3.37,2.32,0.795,36.73,67.42
44.97,27.31,56.0,2.63,5.22,1.4,0.271,7.69,47.38
59.66,18.95,73.46,15.92,2.28,0.45,0.438,14.47,59.2
74.94,19.67,56.01,16.09,0.21,1.18,0.624,18.7,72.03
59.17,25.81,61.1,12.89,2.45,1.49,0.236,13.68,54.14
39.34,23.15,64.12,5.58,16.79,1.12,0.746,25.81,48.26
61.38,21.4,80.42,19.3,6.13,0.67,0.457,12.44,65.45
62.03,37.06,93.54,4.09,5.08,1.4,0.584,25.4,64.7
82.24,21.91,58.88,9.99,1.64,0.95,0.169,1.06,81.43
40.96,37.19,52.25,10.43,2.58,2.32,0.499,17.0,41.22
44.76,33.22,54.28,3.24,0.18,1.76,0.134,5.74,42.45
71.85,30.82,38.7,14.45,1.5,2.46,0.329,8.63,66.84
50.4,31.52,49.3,1.78,5.84,1.53,0.398,12.19,48.97
66.56,24.63,35.62,13.86,5.12,2.0,0.108,13.31,69.32
47.18,30.93,57.81,16.97,2.03,2.25,0.597,21.46,44.96
30.08,21.73,40.88,6.99,3.7,1.28,0.234,6.74,34.44
67.16,36.75,52.52,14.19,4.38,2.55,0.419,14.89,69.96
24.18,24.04,81.58,3.14,2.17,0.24,0.372,16.85,21.81
28.9,23.1,45.99,16.92,6.46,1.69,0.373,7.99,26.77
58.88,32.22,69.77,19.04,5.03,2.05,0.531,22.74,50.63
67.31,31.13,88.58,3.05,2.69,0.89,0.431,17.93,69.41
77.63,27.03,66.85,13.84,0.84,1.42,0.454,6.5,76.26
34.08,30.65,42.6,10.12,2.47,1.94,0.403,26.09,31.45
22.75,21.19,52.41,10.63,2.29,0.99,0.095,12.37,18.91
81.92,31.47,68.37,14.13,2.03,1.78,0.45,12.3,78.9
25.81,23.41,62.93,9.77,0.42,1.14,0.469,11.1,23.61
28.84,23.46,39.66,12.01,13.35,1.85,0.399,16.52,37.06
35.39,21.24,59.04,4.62,12.82,0.91,0.279,2.06,44.52
52.06,24.65,65.3,7.57,3.56,0.95,0.512,27.66,53.67
76.8,24.63,47.38,17.3,5.2,1.93,0.16,3.27,76.07
68.24,27.08,69.81,2.2,6.36,0.57,0.27,19.99,74.58
64.57,21.81,34.56,11.95,3.62,1.7,0.211,3.06,65.09
27.26,21.86,51.88,3.69,5.56,0.67,0.578,21.29,26.95
40.04,28.83,82.28,16.93,7.2,1.29,0.534,27.89,45.2
48.49,20.58,46.85,11.58,4.85,1.66,0.225,6.6,51.46
25.32,31.78,69.34,8.06,8.37,1.53,0.788,31.56,29.15
34.14,36.88,56.65,5.0,1.95,2.0,0.496,25.42,31.7
36.58,26.54,50.57,8.74,4.06,1.58,0.777,26.19,39.76
23.91,36.02,89.55,19.15,30.0,1.79,0.542,13.02,39.81
53.52,19.97,52.31,10.18,10.12,0.8,0.099,0.0,62.71
64.35,18.86,45.38,9.39,4.96,1.3,0.214,11.64,63.99
19.9,32.43,89.1,14.93,1.33,1.52,0.534,22.62,19.34
48.68,33.22,78.49,7.58,4.27,1.42,0.413,22.08,48.8
69.75,34.86,74.32,8.55,9.55,1.61,0.99,35.98,70.18
67.36,19.14,33.22,6.74,7.93,1.15,0.269,1.64,70.08
72.06,33.54,38.53,3.02,0.25,2.42,0.527,5.92,69.8
46.38,25.53,71.49,14.28,0.45,1.2,0.339,30.1,42.42
72.44,24.07,43.61,17.46,6.45,1.4,0.213,11.25,72.34
31.85,21.46,44.67,18.11,0.5,1.99,0.466,18.51,25.51
40.26,37.92,80.64,17.62,1.25,2.22,0.334,14.37,37.29
27.34,19.27,48.59,9.04,3.49,0.98,0.054,0.0,32.05
47.72,34.54,34.65,5.68,10.93,2.66,0.403,10.53,45.92
42.44,30.79,32.37,12.76,6.73,2.61,0.627,34.29,48.18
31.86,32.7,58.81,19.09,3.06,2.44,0.425,20.08,28.67
67.62,32.23,70.11,14.54,8.58,1.74,0.594,17.98,71.5
36.97,35.17,86.48,9.9,20.78,1.26,0.617,16.08,49.61
34.1,21.68,37.2,13.78,4.31,1.68,0.495,15.72,33.28
24.16,18.02,42.78,15.45,0.76,1.46,0.0,0.0,21.62
45.72,29.97,64.44,18.39,1.31,1.82,0.6,35.11,38.94
36.21,25.08,53.67,15.26,1.3,1.49,0.326,11.27,31.38
40.85,20.48,61.36,8.66,1.72,0.88,0.483,11.21,42.67
31.52,21.72,90.07,5.47,2.83,0.2,0.274,10.04,29.18
68.42,24.63,65.42,10.0,5.37,0.97,0.395,16.6,71.08
80.1,19.4,56.98,6.56,0.59,0.56,0.269,2.52,78.21
49.86,19.14,94.31,18.86,7.14,0.2,0.215,10.57,51.72
60.01,36.32,34.24,10.16,2.3,2.63,0.242,16.45,60.65
75.7,24.24,90.59,9.44,1.49,0.26,0.356,14.36,73.26
84.92,37.64,62.61,6.96,3.2,2.17,0.601,18.05,79.87
57.95,37.29,62.74,12.79,12.56,2.4,0.436,13.41,62.2
77.28,20.85,89.93,10.4,8.05,0.27,0.348,3.28,80.87
78.6,32.3,62.98,2.58,7.57,1.72,0.159,5.24,81.27
70.4,30.02,58.5,17.38,16.28,2.25,0.384,16.46,78.49
47.27,31.81,47.71,7.18,5.62,2.13,0.63,18.54,47.53
20.68,19.92,72.82,8.65,17.49,0.34,0.469,29.47,32.86
16.11,21.77,67.03,4.11,18.61,0.38,0.337,17.56,28.3
48.4,19.53,43.93,11.07,0.62,1.16,0.294,0.4,47.64
49.6,30.08,76.11,14.04,0.37,1.52,0.355,2.88,45.9
43.52,37.73,71.87,17.62,1.18,2.52,0.899,28.26,36.84
54.77,31.44,55.83,1.03,11.55,1.57,0.836,41.22,63.71
53.65,32.22,30.29,19.47,3.27,3.0,0.429,21.64,48.73
73.56,37.69,59.03,14.08,2.85,2.67,0.99,47.36,71.49
22.61,31.56,30.39,5.69,8.78,2.53,0.267,10.21,27.38
30.76,18.8,34.87,4.09,2.17,1.14,0.0,0.0,33.24
70.51,35.34,57.99,5.92,4.95,1.99,0.401,7.77,71.92
74.35,25.29,35.32,17.51,7.14,2.06,0.271,12.39,75.02
84.64,18.09,47.92,5.83,1.34,0.56,0.656,23.76,83.6
76.1,28.14,72.61,9.26,0.96,1.03,0.414,14.34,73.47
77.29,36.74,50.06,14.11,4.29,2.73,0.372,23.83,69.05
37.0,23.15,94.85,17.44,4.85,0.57,0.295,10.45,40.4
43.12,27.83,89.56,13.17,8.2,0.65,0.716,35.21,47.59
33.77,21.48,68.05,15.06,1.14,0.83,0.531,10.64,34.01
57.44,19.15,92.85,3.47,1.79,0.2,0.303,27.66,57.37
80.72,19.61,86.42,17.55,18.46,0.26,0.041,0.0,95.0
39.12,32.54,50.73,5.51,9.92,1.97,0.262,14.2,39.55
53.99,35.28,78.72,2.57,3.6,1.28,0.9,39.41,50.59
35.74,20.87,38.89,19.52,11.31,1.68,0.379,11.4,34.53
26.89,23.77,74.5,4.03,1.15,0.47,0.417,20.75,25.88
28.66,21.9,61.92,2.73,3.18,0.6,0.676,30.9,27.34
19.06,18.54,31.09,12.52,4.81,1.33,0.549,16.58,17.21
81.45,29.07,47.82,6.38,2.8,1.67,0.398,10.92,80.75
43.2,32.0,92.1,2.67,2.91,0.77,0.578,22.24,42.41
73.39,30.96,50.53,12.02,7.83,1.95,0.336,12.08,71.71
62.69,25.76,41.79,15.18,10.04,1.71,0.286,19.21,72.48
28.43,29.1,42.19,15.86,2.48,2.05,0.121,8.8,25.4
27.28,19.88,61.15,3.11,0.68,0.34,0.038,1.04,24.4
71.84,21.09,84.77,11.14,0.47,0.2,0.086,6.89,69.45
33.53,36.64,79.27,16.27,0.14,2.0,0.808,18.41,28.08
