timestamp,temperatura_c,umidade_ar_pct,umidade_solo_pct,chuva_mm,vento_kmh,ndvi,confianca_praga_pct,area_foliar_afetada_pct,umidade_solo_proxima_hora_pct
2026-05-01 06:00:00,25.46,65.15,37.11,0.0,5.13,0.62,30.59,20.35,41.83
2026-05-01 07:00:00,24.99,71.65,38.19,0.19,8.21,0.748,26.03,34.77,43.64
2026-05-01 08:00:00,29.13,51.3,39.69,0.0,13.01,0.651,28.57,17.56,38.27
2026-05-01 09:00:00,30.65,53.99,49.96,12.33,9.71,0.644,40.78,15.45,74.25
2026-05-01 10:00:00,27.27,59.57,46.61,0.0,4.96,0.836,2.41,5.02,48.05
2026-05-01 11:00:00,28.84,70.23,50.68,0.0,4.33,0.708,8.18,0.27,55.29
2026-05-01 12:00:00,31.19,62.46,49.06,0.0,13.99,0.707,13.45,0.0,46.54
2026-05-01 13:00:00,30.32,65.58,52.18,6.97,8.73,0.65,29.06,22.29,64.72
2026-05-01 14:00:00,30.17,56.16,47.94,0.0,7.06,0.632,25.7,24.2,41.82
2026-05-01 15:00:00,27.96,58.03,50.08,8.72,8.18,0.505,49.85,24.62,63.29
2026-05-01 16:00:00,29.32,64.78,53.1,4.7,4.57,0.757,38.57,17.82,62.94
2026-05-01 17:00:00,27.72,64.12,52.65,0.57,13.27,0.716,7.69,0.0,52.54
2026-05-01 18:00:00,25.1,68.66,50.58,0.0,7.82,0.666,15.34,7.09,54.89
2026-05-01 19:00:00,25.14,64.95,55.44,0.24,13.1,0.669,4.53,0.0,60.69
2026-05-01 20:00:00,22.7,69.23,38.94,0.18,9.15,0.739,50.94,18.92,41.37
2026-05-01 21:00:00,19.47,71.22,48.06,0.0,13.29,0.556,39.72,38.88,47.51
2026-05-01 22:00:00,20.36,73.6,48.97,0.0,9.77,0.633,36.17,24.09,51.05
2026-05-01 23:00:00,17.77,75.82,57.22,0.0,11.56,0.589,12.37,11.95,59.13
2026-05-02 00:00:00,20.32,61.65,58.54,0.0,11.16,0.822,13.84,15.57,60.84
2026-05-02 01:00:00,19.13,59.46,46.18,2.96,10.87,0.75,27.23,21.92,53.63
2026-05-02 02:00:00,19.53,75.39,58.57,0.0,10.04,0.504,35.51,15.81,61.68
2026-05-02 03:00:00,19.74,76.15,46.28,0.0,8.3,0.559,51.02,30.52,52.59
2026-05-02 04:00:00,23.83,61.83,45.63,0.0,14.75,0.669,60.72,30.98,45.2
2026-05-02 05:00:00,23.22,58.13,51.27,0.0,6.28,0.642,14.02,11.66,57.14
2026-05-02 06:00:00,24.36,67.01,50.76,0.0,9.01,0.574,18.34,13.16,51.84
2026-05-02 07:00:00,26.02,69.83,46.06,0.82,9.04,0.836,0.0,0.0,51.07
2026-05-02 08:00:00,28.8,71.95,54.39,0.0,10.21,0.705,47.29,14.05,57.67
2026-05-02 09:00:00,29.79,64.75,54.0,0.0,7.71,0.718,37.8,22.1,55.79
2026-05-02 10:00:00,30.82,59.49,57.47,3.78,9.94,0.625,27.6,13.34,62.32
2026-05-02 11:00:00,31.44,56.38,50.28,0.0,8.49,0.738,21.13,0.0,50.79
2026-05-02 12:00:00,34.21,58.69,50.75,0.0,4.25,0.65,15.39,13.03,49.24
2026-05-02 13:00:00,30.19,60.35,50.88,0.0,9.03,0.657,40.36,30.89,47.98
2026-05-02 14:00:00,29.43,57.38,62.43,10.04,5.7,0.729,15.59,31.33,80.46
2026-05-02 15:00:00,28.02,73.83,40.79,1.99,3.8,0.55,31.72,13.93,50.35
2026-05-02 16:00:00,28.92,71.79,48.76,0.0,9.41,0.808,24.11,8.41,51.02
2026-05-02 17:00:00,28.25,69.08,53.77,0.0,10.46,0.695,21.21,1.68,56.72
2026-05-02 18:00:00,24.83,61.53,49.35,0.0,10.58,0.782,13.48,9.29,53.24
2026-05-02 19:00:00,22.19,72.53,53.19,0.0,10.7,0.594,32.24,19.55,53.42
2026-05-02 20:00:00,20.76,72.59,54.4,0.0,3.2,0.606,43.04,16.37,59.6
2026-05-02 21:00:00,21.73,70.83,51.48,1.39,4.92,0.587,57.33,29.96,54.93
2026-05-02 22:00:00,20.92,75.51,56.66,1.08,14.92,0.7,32.38,0.0,61.68
2026-05-02 23:00:00,20.02,73.16,57.35,0.0,5.86,0.685,36.83,28.59,64.82
2026-05-03 00:00:00,18.0,75.3,56.42,3.27,10.83,0.643,25.17,6.91,66.04
2026-05-03 01:00:00,19.55,73.54,55.31,4.77,6.94,0.599,21.07,11.28,66.67
2026-05-03 02:00:00,19.98,71.72,54.83,0.0,9.24,0.579,43.12,10.87,61.0
2026-05-03 03:00:00,21.09,60.21,55.27,0.0,7.1,0.676,28.08,10.2,56.63
2026-05-03 04:00:00,23.31,67.77,47.58,0.5,10.68,0.643,6.84,1.25,51.63
2026-05-03 05:00:00,23.78,64.19,56.4,0.0,9.41,0.625,24.67,13.47,61.96
2026-05-03 06:00:00,26.02,58.79,52.58,2.38,7.66,0.804,14.06,12.05,58.78
2026-05-03 07:00:00,26.65,73.09,58.55,0.0,5.85,0.673,18.07,22.89,57.51
2026-05-03 08:00:00,28.43,71.9,54.66,0.0,9.8,0.782,39.3,28.21,55.91
2026-05-03 09:00:00,30.19,68.64,57.85,3.26,5.36,0.637,35.81,28.36,62.38
2026-05-03 10:00:00,28.01,64.87,46.77,0.0,10.28,0.7,44.23,37.34,48.98
2026-05-03 11:00:00,30.32,68.5,49.88,0.0,16.88,0.676,29.51,21.36,47.16
2026-05-03 12:00:00,30.29,61.82,45.88,0.0,13.05,0.544,37.29,20.18,46.49
2026-05-03 13:00:00,29.84,63.14,48.85,0.0,11.16,0.794,2.01,10.19,52.19
2026-05-03 14:00:00,29.78,56.71,56.65,0.0,8.74,0.669,26.24,24.09,53.57
2026-05-03 15:00:00,31.49,62.8,57.51,0.0,3.18,0.74,20.62,17.18,56.45
2026-05-03 16:00:00,26.7,64.94,47.67,0.0,5.03,0.62,9.51,0.0,51.55
2026-05-03 17:00:00,28.01,57.08,50.09,0.0,12.85,0.667,18.16,2.42,49.03
2026-05-03 18:00:00,22.48,67.76,52.4,0.0,6.63,0.611,25.9,11.77,56.74
2026-05-03 19:00:00,22.94,67.25,55.88,3.84,6.9,0.779,23.49,19.94,65.49
2026-05-03 20:00:00,22.24,77.19,44.12,0.0,8.5,0.705,30.13,16.38,47.64
2026-05-03 21:00:00,21.64,73.16,44.62,0.0,5.81,0.709,14.13,18.0,48.61
2026-05-03 22:00:00,20.87,69.36,53.55,0.0,5.32,0.789,23.54,24.78,56.87
2026-05-03 23:00:00,20.39,70.93,42.76,0.0,8.85,0.773,15.07,19.08,46.36
2026-05-04 00:00:00,18.48,71.44,50.21,0.01,6.33,0.741,0.0,10.85,53.22
2026-05-04 01:00:00,18.51,70.18,52.96,0.0,6.78,0.566,27.03,5.53,56.26
2026-05-04 02:00:00,21.09,63.72,51.71,0.0,6.66,0.624,45.84,29.55,53.7
2026-05-04 03:00:00,20.47,68.87,51.38,1.6,10.57,0.6,6.4,0.0,58.41
2026-05-04 04:00:00,20.09,66.2,49.58,0.0,8.3,0.738,22.23,0.0,53.01
2026-05-04 05:00:00,21.75,62.35,53.02,0.45,8.46,0.694,47.89,23.75,56.79
2026-05-04 06:00:00,23.62,69.66,49.57,0.19,10.79,0.569,22.69,24.4,48.86
2026-05-04 07:00:00,27.3,66.12,44.92,1.5,8.57,0.665,26.44,18.69,47.29
2026-05-04 08:00:00,28.21,54.5,46.43,0.0,8.17,0.56,15.2,26.52,45.07
2026-05-04 09:00:00,30.28,61.16,46.96,0.0,10.41,0.676,49.95,29.07,43.41
2026-05-04 10:00:00,29.56,67.33,52.08,0.0,11.0,0.548,34.54,41.03,53.48
2026-05-04 11:00:00,31.03,66.47,48.78,0.0,8.56,0.722,22.51,13.98,48.26
2026-05-04 12:00:00,31.94,65.58,49.52,0.0,9.24,0.71,43.1,23.9,47.97
2026-05-04 13:00:00,30.33,61.93,42.71,0.0,6.65,0.833,22.91,1.09,42.34
2026-05-04 14:00:00,30.88,57.07,42.94,3.13,6.42,0.748,6.64,13.65,47.59
2026-05-04 15:00:00,28.25,57.98,44.42,1.42,11.31,0.646,18.2,5.49,45.1
2026-05-04 16:00:00,27.46,65.76,44.81,2.51,10.33,0.745,27.39,9.24,50.47
2026-05-04 17:00:00,25.98,67.11,39.08,0.0,10.37,0.568,24.78,25.16,38.48
2026-05-04 18:00:00,23.21,73.87,50.52,0.0,9.84,0.603,0.0,10.42,53.96
2026-05-04 19:00:00,24.18,72.16,47.46,0.0,9.14,0.707,22.27,22.44,45.35
2026-05-04 20:00:00,21.3,68.3,43.44,0.0,11.09,0.507,16.81,5.99,44.9
2026-05-04 21:00:00,20.78,63.16,47.59,3.95,11.81,0.677,49.68,26.87,59.39
2026-05-04 22:00:00,20.52,67.98,45.33,2.27,11.73,0.598,34.38,18.37,53.83
2026-05-04 23:00:00,19.87,71.19,47.84,2.75,8.7,0.688,10.97,13.08,59.15
2026-05-05 00:00:00,20.0,68.99,36.52,0.28,13.16,0.594,21.62,25.87,41.94
2026-05-05 01:00:00,19.06,67.87,43.8,2.16,9.69,0.714,0.0,3.31,53.08
2026-05-05 02:00:00,19.17,71.93,41.9,0.0,10.9,0.682,8.58,22.5,43.87
2026-05-05 03:00:00,20.64,66.97,44.07,0.0,9.85,0.792,31.48,25.39,44.39
2026-05-05 04:00:00,19.47,67.28,38.09,0.0,9.74,0.681,58.63,30.14,42.49
2026-05-05 05:00:00,21.28,70.54,28.88,0.0,6.79,0.619,41.02,30.02,31.74
2026-05-05 06:00:00,23.02,65.58,34.53,0.0,11.1,0.66,25.4,29.32,41.38
2026-05-05 07:00:00,25.06,67.17,38.06,0.0,17.54,0.572,27.32,33.01,37.7
2026-05-05 08:00:00,28.6,64.49,39.03,1.6,7.88,0.712,8.25,15.22,46.48
2026-05-05 09:00:00,27.88,58.0,44.79,0.0,9.21,0.727,52.32,29.01,43.85
2026-05-05 10:00:00,29.63,59.89,41.07,0.97,7.66,0.878,6.57,1.66,46.14
2026-05-05 11:00:00,32.74,66.99,36.3,3.21,7.54,0.63,60.91,38.69,42.41
2026-05-05 12:00:00,30.47,55.82,34.77,0.0,13.63,0.659,47.82,41.36,29.1
2026-05-05 13:00:00,31.9,49.9,42.37,2.78,6.98,0.634,2.77,5.43,44.84
2026-05-05 14:00:00,28.8,53.65,33.89,0.0,7.58,0.697,13.85,11.71,31.75
2026-05-05 15:00:00,28.93,63.0,35.87,0.0,4.24,0.711,12.72,7.46,34.7
2026-05-05 16:00:00,26.57,64.89,31.75,0.0,6.73,0.676,24.34,10.44,35.32
2026-05-05 17:00:00,26.04,64.58,45.04,5.65,3.87,0.767,17.34,8.08,57.83
2026-05-05 18:00:00,26.26,71.06,36.11,0.0,10.9,0.631,74.09,41.97,36.42
2026-05-05 19:00:00,20.86,55.95,33.79,0.0,17.4,0.759,2.73,16.96,36.1
2026-05-05 20:00:00,22.65,69.86,36.69,1.66,7.9,0.723,25.19,11.7,39.78
2026-05-05 21:00:00,21.11,76.92,39.38,2.14,4.0,0.679,34.52,19.46,50.11
2026-05-05 22:00:00,18.91,65.23,36.3,0.0,11.7,0.655,27.19,7.17,38.92
2026-05-05 23:00:00,17.04,70.47,34.98,0.0,6.82,0.874,11.32,12.68,39.98
2026-05-06 00:00:00,19.11,66.95,33.29,0.0,12.9,0.615,14.76,20.42,36.91
2026-05-06 01:00:00,18.41,66.8,37.36,0.14,8.15,0.704,24.89,28.31,42.75
2026-05-06 02:00:00,20.15,68.25,33.94,0.0,7.1,0.62,37.67,22.55,36.76
2026-05-06 03:00:00,20.79,76.51,33.64,0.0,8.47,0.823,18.69,15.45,33.42
2026-05-06 04:00:00,24.4,75.66,28.74,0.0,11.27,0.751,28.08,14.06,32.35
2026-05-06 05:00:00,23.09,65.85,34.21,0.0,8.32,0.626,50.73,32.65,36.59
2026-05-06 06:00:00,23.46,76.75,33.46,0.0,7.51,0.721,35.97,22.61,35.05
2026-05-06 07:00:00,26.82,64.72,32.43,0.0,8.4,0.701,24.62,14.07,34.36
2026-05-06 08:00:00,28.33,72.1,34.74,0.0,5.18,0.639,10.93,7.25,36.27
2026-05-06 09:00:00,31.28,60.51,36.24,0.0,10.19,0.741,11.35,10.31,32.45
2026-05-06 10:00:00,31.45,61.5,36.09,0.0,3.64,0.711,19.41,8.03,37.26
2026-05-06 11:00:00,31.33,62.76,35.13,0.0,7.67,0.697,27.6,13.0,33.16
2026-05-06 12:00:00,33.19,75.34,30.69,0.99,11.28,0.677,18.29,25.43,29.49
2026-05-06 13:00:00,29.01,67.05,33.01,9.44,9.91,0.714,8.41,29.02,48.46
2026-05-06 14:00:00,29.24,59.07,29.27,0.0,10.77,0.698,5.91,0.0,32.3
2026-05-06 15:00:00,27.85,68.56,32.21,1.52,8.8,0.685,0.05,0.0,37.17
2026-05-06 16:00:00,27.42,62.26,34.26,0.0,12.51,0.629,25.78,5.56,35.63
2026-05-06 17:00:00,24.49,63.96,31.76,0.0,11.77,0.816,0.0,0.0,34.32
2026-05-06 18:00:00,25.95,69.78,34.73,0.94,10.34,0.596,16.91,17.37,39.4
2026-05-06 19:00:00,23.11,67.66,30.68,0.22,11.78,0.714,16.55,14.43,36.76
2026-05-06 20:00:00,19.79,71.56,29.01,0.19,11.25,0.654,7.21,5.51,34.63
2026-05-06 21:00:00,19.23,70.68,39.76,0.0,7.68,0.821,19.64,15.56,44.77
2026-05-06 22:00:00,20.27,71.46,34.44,2.05,4.97,0.608,42.09,16.92,43.29
2026-05-06 23:00:00,20.46,71.76,32.62,0.0,10.26,0.621,21.66,9.72,33.69
2026-05-07 00:00:00,22.0,58.72,31.01,0.0,10.64,0.602,24.85,13.49,31.73
2026-05-07 01:00:00,23.58,70.47,38.24,0.0,12.27,0.706,31.19,2.9,41.8
2026-05-07 02:00:00,20.43,64.75,43.59,0.17,6.19,0.57,23.28,2.35,46.71
2026-05-07 03:00:00,19.27,63.37,36.15,0.0,6.28,0.642,16.52,0.0,38.34
2026-05-07 04:00:00,18.8,70.67,35.54,1.47,10.38,0.508,56.92,38.18,36.18
2026-05-07 05:00:00,23.85,67.34,40.71,0.0,8.79,0.699,36.92,22.52,40.78
2026-05-07 06:00:00,23.78,63.51,30.23,7.02,3.34,0.64,37.42,26.08,45.2
2026-05-07 07:00:00,25.93,69.41,45.51,0.23,10.13,0.561,48.61,10.18,48.35
2026-05-07 08:00:00,27.08,57.62,48.37,0.65,3.44,0.767,0.0,0.0,50.45
2026-05-07 09:00:00,29.03,60.74,22.61,0.0,6.16,0.575,53.88,35.6,21.62
2026-05-07 10:00:00,31.8,57.64,36.06,0.0,13.06,0.744,25.98,0.0,33.95
2026-05-07 11:00:00,31.03,60.94,31.59,0.0,14.47,0.624,44.85,35.69,30.55
2026-05-07 12:00:00,30.76,62.78,36.13,0.0,5.35,0.808,20.76,0.0,36.47
2026-05-07 13:00:00,29.24,57.57,34.97,0.0,8.01,0.74,21.14,19.22,35.77
2026-05-07 14:00:00,27.68,67.47,41.92,0.0,9.13,0.599,27.52,7.14,44.1
2026-05-07 15:00:00,28.51,63.5,36.52,0.0,14.34,0.607,36.58,29.56,32.53
2026-05-07 16:00:00,27.92,54.2,32.89,0.0,7.52,0.728,16.65,38.03,31.32
2026-05-07 17:00:00,29.2,52.84,38.41,0.0,7.57,0.659,39.9,1.48,36.29
2026-05-07 18:00:00,25.2,65.78,43.01,1.55,13.65,0.666,2.49,7.63,48.03
2026-05-07 19:00:00,24.92,64.96,35.69,0.0,7.88,0.782,8.93,0.0,37.95
2026-05-07 20:00:00,21.25,68.48,38.35,16.31,11.17,0.62,60.66,37.21,70.01
2026-05-07 21:00:00,18.98,70.68,52.22,1.26,4.57,0.687,15.22,6.51,56.45
2026-05-07 22:00:00,18.36,72.44,40.24,0.0,8.49,0.756,15.51,9.7,44.37
2026-05-07 23:00:00,18.12,76.24,46.4,8.26,4.02,0.745,6.78,0.0,68.03
2026-05-08 00:00:00,22.19,62.69,40.23,0.0,5.83,0.667,31.26,24.22,44.67
2026-05-08 01:00:00,17.97,65.76,48.18,2.32,11.52,0.657,16.01,0.0,54.7
2026-05-08 02:00:00,21.06,63.68,50.69,0.0,8.85,0.541,33.54,29.62,52.69
2026-05-08 03:00:00,19.4,71.92,46.64,0.0,8.04,0.596,44.69,20.9,50.33
2026-05-08 04:00:00,23.4,73.51,37.82,0.0,6.75,0.705,12.68,0.0,45.99
2026-05-08 05:00:00,24.02,64.62,36.53,0.0,8.34,0.669,37.91,35.21,35.26
2026-05-08 06:00:00,24.77,53.68,42.12,0.11,9.9,0.686,37.05,19.77,41.8
2026-05-08 07:00:00,26.49,56.29,43.35,4.91,11.95,0.763,34.37,36.07,56.96
2026-05-08 08:00:00,27.02,60.22,36.32,1.82,1.12,0.585,34.91,30.19,39.97
2026-05-08 09:00:00,29.91,59.28,46.97,1.28,6.5,0.661,75.33,34.25,43.8
2026-05-08 10:00:00,29.51,60.35,39.64,1.24,9.48,0.695,39.81,21.13,39.88
2026-05-08 11:00:00,28.96,63.03,51.38,0.0,8.7,0.624,34.58,20.11,45.71
2026-05-08 12:00:00,29.08,61.17,53.85,1.06,10.21,0.795,2.9,15.33,56.03
2026-05-08 13:00:00,31.05,66.4,44.13,0.0,9.8,0.753,17.93,13.8,45.04
2026-05-08 14:00:00,32.56,56.57,46.46,0.0,8.09,0.703,44.74,26.19,41.65
2026-05-08 15:00:00,29.48,58.1,40.45,0.0,7.42,0.824,39.36,19.85,38.86
2026-05-08 16:00:00,27.82,66.14,48.91,0.03,8.26,0.56,56.97,30.88,50.85
2026-05-08 17:00:00,26.98,56.74,44.34,0.0,12.45,0.679,37.03,32.11,39.99
2026-05-08 18:00:00,26.96,66.38,43.82,0.0,6.8,0.709,4.02,2.24,43.89
2026-05-08 19:00:00,23.78,67.49,47.62,0.0,8.81,0.607,38.36,17.54,50.28
2026-05-08 20:00:00,21.38,68.16,48.81,0.0,9.55,0.704,4.65,0.0,51.61
2026-05-08 21:00:00,22.42,76.01,49.47,0.0,13.68,0.591,9.97,0.5,53.29
2026-05-08 22:00:00,20.45,66.53,57.24,3.55,8.1,0.735,24.37,0.78,65.41
2026-05-08 23:00:00,21.51,79.1,49.09,3.65,11.88,0.765,26.28,7.7,60.46
2026-05-09 00:00:00,19.27,69.45,58.44,0.0,12.7,0.702,37.01,33.84,59.81
2026-05-09 01:00:00,17.37,65.72,46.11,0.0,8.81,0.532,44.51,22.62,49.83
2026-05-09 02:00:00,17.75,72.15,59.2,0.0,8.37,0.603,39.36,27.99,62.41
2026-05-09 03:00:00,23.23,62.03,47.94,0.0,8.01,0.725,6.82,0.0,52.35
2026-05-09 04:00:00,24.59,62.57,51.35,0.0,8.23,0.682,23.49,18.03,50.89
2026-05-09 05:00:00,23.18,69.44,50.44,0.52,11.56,0.464,19.83,9.46,55.88
2026-05-09 06:00:00,24.43,69.24,51.42,0.0,9.69,0.779,0.0,0.0,54.9
2026-05-09 07:00:00,28.75,59.89,54.45,0.0,9.71,0.691,35.44,21.12,53.65
2026-05-09 08:00:00,26.34,69.87,59.31,0.0,5.62,0.614,19.15,6.07,64.61
2026-05-09 09:00:00,27.9,69.47,58.1,0.0,6.1,0.76,31.92,0.0,59.34
2026-05-09 10:00:00,31.16,68.25,48.28,0.0,15.43,0.626,46.16,33.69,48.29
2026-05-09 11:00:00,30.2,64.48,53.84,3.64,8.47,0.625,20.32,13.36,63.09
2026-05-09 12:00:00,30.99,68.02,48.37,0.74,6.68,0.709,31.76,14.64,50.97
2026-05-09 13:00:00,30.55,52.16,50.07,5.02,13.29,0.822,3.88,0.0,56.12
2026-05-09 14:00:00,30.7,59.85,47.79,0.19,9.85,0.81,0.0,0.0,43.68
2026-05-09 15:00:00,31.35,56.58,49.94,0.0,10.73,0.709,24.75,15.63,50.2
2026-05-09 16:00:00,28.14,64.09,55.25,4.94,8.59,0.717,15.18,22.87,64.59
2026-05-09 17:00:00,27.52,61.13,44.87,0.0,8.04,0.743,13.53,9.27,44.72
2026-05-09 18:00:00,21.92,67.63,53.98,0.0,8.49,0.579,62.87,22.14,59.17
2026-05-09 19:00:00,23.37,76.71,61.93,0.0,4.85,0.732,0.0,2.03,65.62
2026-05-09 20:00:00,20.74,68.56,59.86,0.0,8.74,0.621,35.64,19.12,62.11
2026-05-09 21:00:00,18.93,72.93,53.08,0.0,9.89,0.705,8.24,12.31,57.92
2026-05-09 22:00:00,18.49,70.05,48.66,0.0,14.55,0.662,40.28,27.61,48.36
2026-05-09 23:00:00,18.7,71.42,61.74,8.86,9.26,0.72,26.47,0.0,82.07
2026-05-10 00:00:00,20.37,69.73,44.47,0.1,2.0,0.689,30.13,21.48,50.67
2026-05-10 01:00:00,17.21,74.47,61.46,0.0,8.72,0.434,30.69,7.85,66.25
2026-05-10 02:00:00,19.85,75.95,55.3,0.0,17.22,0.694,12.57,0.0,61.8
2026-05-10 03:00:00,20.03,78.21,64.23,2.46,11.6,0.731,35.0,17.55,74.56
2026-05-10 04:00:00,21.51,70.34,46.15,0.0,6.57,0.716,48.91,30.6,48.87
2026-05-10 05:00:00,24.95,68.99,58.76,0.0,10.77,0.672,33.06,3.42,57.55
2026-05-10 06:00:00,25.81,59.6,53.67,0.0,6.77,0.811,1.23,7.02,53.93
2026-05-10 07:00:00,28.56,62.71,50.93,0.0,4.94,0.705,28.29,22.43,52.81
2026-05-10 08:00:00,27.77,68.49,45.73,0.0,7.95,0.715,58.81,32.77,42.79
2026-05-10 09:00:00,28.2,67.77,57.16,2.97,9.27,0.764,20.05,3.22,63.62
2026-05-10 10:00:00,29.86,63.17,55.32,0.38,3.38,0.709,44.81,15.83,56.99
2026-05-10 11:00:00,31.16,65.5,61.25,5.13,5.55,0.608,19.84,20.15,72.65
2026-05-10 12:00:00,31.26,63.44,56.47,0.0,9.03,0.485,40.17,8.49,54.72
2026-05-10 13:00:00,29.17,68.67,48.42,0.32,7.78,0.642,37.55,30.23,47.31
2026-05-10 14:00:00,30.33,63.18,47.79,2.17,10.18,0.741,26.29,12.97,51.03
2026-05-10 15:00:00,29.58,60.55,45.69,0.0,5.36,0.652,15.96,7.92,46.97
2026-05-10 16:00:00,31.78,62.26,58.2,0.0,11.14,0.744,7.93,0.0,57.26
2026-05-10 17:00:00,29.37,47.85,47.24,0.0,5.45,0.692,39.07,20.17,48.15
2026-05-10 18:00:00,23.72,68.94,58.32,0.0,13.93,0.783,34.83,24.68,58.84
2026-05-10 19:00:00,23.02,49.35,54.52,0.0,3.85,0.656,49.77,15.35,57.17
2026-05-10 20:00:00,19.8,61.54,53.22,0.0,5.72,0.717,49.27,31.58,56.13
2026-05-10 21:00:00,19.87,72.36,51.13,0.0,10.25,0.72,23.98,13.99,53.91
2026-05-10 22:00:00,20.28,72.17,55.94,0.0,13.99,0.8,10.92,0.21,61.7
2026-05-10 23:00:00,21.01,63.38,50.13,0.0,9.95,0.543,56.39,38.71,51.59
2026-05-11 00:00:00,17.91,68.11,52.77,4.33,10.69,0.643,38.83,1.54,66.19
2026-05-11 01:00:00,18.22,78.27,55.41,0.0,9.05,0.748,5.03,5.89,60.56
2026-05-11 02:00:00,16.58,70.31,51.22,0.0,5.92,0.804,0.0,14.57,55.86
2026-05-11 03:00:00,20.51,80.8,46.05,0.0,7.53,0.699,31.04,30.03,48.24
2026-05-11 04:00:00,20.41,69.67,53.45,1.77,5.36,0.657,24.41,16.94,59.12
2026-05-11 05:00:00,22.65,69.92,49.48,0.0,5.16,0.741,19.96,8.26,56.32
2026-05-11 06:00:00,23.68,75.14,51.12,0.25,10.21,0.749,35.73,13.93,56.65
2026-05-11 07:00:00,26.41,65.53,45.48,0.0,5.63,0.651,38.89,18.66,45.37
2026-05-11 08:00:00,25.36,60.7,41.41,0.0,9.96,0.706,43.03,28.56,42.68
2026-05-11 09:00:00,27.04,63.82,55.6,0.0,5.09,0.774,0.0,0.0,53.67
2026-05-11 10:00:00,33.39,59.11,51.84,0.0,9.89,0.831,16.9,16.11,47.94
2026-05-11 11:00:00,28.86,56.08,49.24,2.33,7.53,0.739,30.87,36.18,53.74
2026-05-11 12:00:00,29.35,61.24,45.93,4.48,13.22,0.684,2.02,0.55,54.08
2026-05-11 13:00:00,33.55,55.45,43.37,0.0,9.97,0.676,15.72,0.0,41.59
2026-05-11 14:00:00,34.55,62.98,51.1,2.21,12.71,0.725,9.03,0.0,46.74
2026-05-11 15:00:00,27.49,64.18,42.62,0.0,6.73,0.671,26.27,21.44,42.74
2026-05-11 16:00:00,27.45,62.63,40.72,0.0,9.17,0.695,48.4,26.08,41.59
2026-05-11 17:00:00,27.07,63.82,50.75,0.0,6.06,0.595,62.31,42.16,51.42
2026-05-11 18:00:00,27.59,65.04,44.14,0.0,7.76,0.784,4.68,0.0,48.36
2026-05-11 19:00:00,21.97,71.51,52.05,1.39,8.21,0.589,40.4,29.69,56.78
2026-05-11 20:00:00,21.63,63.7,37.69,0.0,6.82,0.645,36.35,18.57,40.33
2026-05-11 21:00:00,21.92,63.25,46.37,0.0,5.35,0.688,30.39,10.12,47.42
2026-05-11 22:00:00,20.46,75.16,53.57,0.0,4.76,0.839,18.44,6.53,58.15
2026-05-11 23:00:00,18.64,69.03,44.44,0.0,1.98,0.646,32.46,7.08,46.71
2026-05-12 00:00:00,18.8,63.88,40.26,0.0,5.83,0.627,54.78,48.03,37.61
2026-05-12 01:00:00,17.14,74.51,38.35,1.91,10.88,0.636,45.26,24.03,42.58
2026-05-12 02:00:00,19.45,72.76,47.96,0.0,4.2,0.813,0.0,5.8,55.89
2026-05-12 03:00:00,20.36,62.06,37.86,0.0,4.9,0.455,55.13,25.49,39.91
2026-05-12 04:00:00,22.35,69.27,40.67,0.0,14.37,0.6,45.0,15.28,43.85
2026-05-12 05:00:00,22.61,71.59,35.76,0.0,7.09,0.899,12.44,4.74,39.28
2026-05-12 06:00:00,25.71,67.31,45.63,0.0,9.96,0.727,38.39,31.03,43.13
2026-05-12 07:00:00,28.07,66.7,44.59,2.03,10.93,0.592,35.1,14.62,50.88
2026-05-12 08:00:00,28.23,56.39,39.47,2.56,10.99,0.677,28.48,7.83,40.05
2026-05-12 09:00:00,29.77,63.84,32.33,0.0,4.43,0.685,26.59,16.02,31.5
2026-05-12 10:00:00,30.28,60.27,45.06,1.04,8.31,0.748,0.0,4.49,46.88
2026-05-12 11:00:00,30.8,58.95,34.68,0.0,4.15,0.827,12.22,21.51,34.11
2026-05-12 12:00:00,29.92,66.42,31.95,0.0,16.34,0.711,12.69,10.16,29.89
2026-05-12 13:00:00,31.27,68.38,30.25,5.64,4.22,0.637,10.86,11.77,36.86
2026-05-12 14:00:00,30.05,70.93,33.53,3.6,5.86,0.743,41.67,29.39,37.99
2026-05-12 15:00:00,32.38,66.67,29.7,2.2,5.88,0.624,37.23,10.1,31.46
2026-05-12 16:00:00,30.36,61.16,33.01,0.0,4.51,0.597,31.37,8.58,31.72
2026-05-12 17:00:00,27.13,66.06,39.9,0.0,13.06,0.539,27.99,5.64,43.44
2026-05-12 18:00:00,23.86,70.75,35.19,0.0,16.27,0.555,39.66,9.82,35.78
2026-05-12 19:00:00,21.78,69.18,37.42,0.0,7.57,0.608,45.81,32.35,40.38
2026-05-12 20:00:00,23.79,67.62,33.01,0.16,5.04,0.586,20.33,13.79,37.45
2026-05-12 21:00:00,21.15,73.2,36.98,0.0,2.29,0.705,23.12,13.43,43.54
2026-05-12 22:00:00,20.52,69.28,45.99,0.0,8.27,0.584,45.9,1.91,50.14
2026-05-12 23:00:00,16.59,69.08,35.05,0.0,8.05,0.429,16.28,27.45,39.27
2026-05-13 00:00:00,20.39,67.61,38.33,0.0,7.05,0.596,31.02,9.01,41.92
2026-05-13 01:00:00,19.89,73.26,28.24,0.0,9.66,0.642,21.78,30.45,31.68
2026-05-13 02:00:00,18.14,71.5,44.14,0.0,10.19,0.632,27.07,1.84,45.5
2026-05-13 03:00:00,20.05,71.66,34.65,0.0,9.97,0.802,7.95,0.0,33.91
2026-05-13 04:00:00,22.4,71.43,40.82,0.0,8.05,0.631,31.19,0.0,46.33
2026-05-13 05:00:00,23.53,65.31,33.36,0.0,5.7,0.75,48.42,29.89,36.67
2026-05-13 06:00:00,24.56,70.13,38.03,0.0,11.0,0.678,20.46,1.34,42.87
2026-05-13 07:00:00,26.4,66.78,37.56,0.35,9.04,0.677,29.85,6.76,39.6
2026-05-13 08:00:00,27.62,57.73,31.17,0.0,11.67,0.613,60.47,20.9,33.91
2026-05-13 09:00:00,29.47,69.63,37.87,0.0,11.37,0.675,17.33,16.53,36.99
2026-05-13 10:00:00,32.4,57.57,27.49,0.0,4.73,0.619,57.32,37.93,25.09
2026-05-13 11:00:00,26.95,56.17,36.54,0.84,4.7,0.694,24.19,29.61,39.48
2026-05-13 12:00:00,30.64,56.26,30.5,0.17,6.73,0.661,53.44,23.22,32.65
2026-05-13 13:00:00,31.06,56.05,33.54,0.0,5.83,0.604,42.5,25.34,31.04
2026-05-13 14:00:00,30.64,61.75,31.46,0.0,11.27,0.759,23.46,1.3,30.0
2026-05-13 15:00:00,28.68,61.68,33.84,0.0,10.05,0.714,21.48,8.8,31.38
2026-05-13 16:00:00,25.36,64.02,30.97,3.2,12.3,0.644,18.71,5.62,42.32
2026-05-13 17:00:00,27.04,67.46,34.69,0.0,10.19,0.692,25.41,18.15,36.76
2026-05-13 18:00:00,27.59,65.63,32.96,0.0,9.63,0.673,39.2,30.71,33.84
2026-05-13 19:00:00,21.15,70.66,33.02,1.96,12.6,0.611,30.56,25.73,45.12
2026-05-13 20:00:00,23.3,69.41,36.04,1.77,10.41,0.686,20.0,3.41,43.94
2026-05-13 21:00:00,20.26,72.87,35.97,0.0,9.2,0.63,25.41,22.96,36.48
2026-05-13 22:00:00,19.71,59.69,32.74,0.0,13.44,0.604,46.13,24.98,33.76
2026-05-13 23:00:00,17.63,70.08,35.49,0.0,9.35,0.55,53.96,26.76,36.16
2026-05-14 00:00:00,18.5,60.3,32.9,0.0,8.09,0.651,17.49,3.24,35.73
2026-05-14 01:00:00,21.15,69.26,47.6,0.0,6.49,0.725,11.54,1.31,51.46
2026-05-14 02:00:00,20.68,69.43,40.36,0.81,11.11,0.624,35.34,35.12,42.41
2026-05-14 03:00:00,23.36,72.54,37.75,2.28,12.71,0.882,31.98,20.36,41.92
2026-05-14 04:00:00,23.77,72.93,41.01,0.0,8.85,0.751,36.72,21.77,47.45
2026-05-14 05:00:00,24.11,67.73,28.27,0.0,12.92,0.784,0.0,0.0,32.68
2026-05-14 06:00:00,27.62,61.41,23.16,0.0,3.09,0.744,16.15,30.9,23.1
2026-05-14 07:00:00,27.21,66.66,34.37,0.0,8.83,0.828,0.0,11.75,37.57
2026-05-14 08:00:00,29.24,59.97,30.18,0.71,8.88,0.617,26.22,7.93,32.69
2026-05-14 09:00:00,28.8,62.95,33.9,0.0,6.82,0.475,65.65,33.65,33.67
2026-05-14 10:00:00,30.3,66.69,37.69,0.0,16.15,0.644,6.72,1.77,38.87
2026-05-14 11:00:00,29.75,59.41,41.35,0.0,8.8,0.725,0.0,1.31,42.06
2026-05-14 12:00:00,32.48,64.04,31.76,0.0,7.78,0.692,11.8,0.18,32.61
2026-05-14 13:00:00,29.03,66.16,38.7,0.0,9.08,0.702,27.75,19.21,40.3
2026-05-14 14:00:00,31.37,56.13,37.27,3.07,2.99,0.786,26.06,27.4,41.29
2026-05-14 15:00:00,28.96,67.7,40.69,1.97,6.72,0.711,29.32,4.3,45.38
2026-05-14 16:00:00,29.76,65.69,35.84,0.0,11.95,0.744,37.72,10.59,38.81
2026-05-14 17:00:00,27.68,64.37,47.03,3.27,7.11,0.605,4.77,0.0,54.23
2026-05-14 18:00:00,27.73,60.0,38.1,0.0,6.51,0.592,50.04,23.59,39.2
2026-05-14 19:00:00,24.54,62.07,48.31,1.78,12.93,0.809,10.19,23.59,53.81
2026-05-14 20:00:00,19.64,67.6,37.42,0.0,13.02,0.688,35.53,28.56,38.04
2026-05-14 21:00:00,20.66,72.19,45.31,0.0,10.55,0.63,9.34,13.63,47.25
2026-05-14 22:00:00,18.05,66.79,43.42,2.05,7.63,0.63,29.25,13.71,49.87
2026-05-14 23:00:00,18.43,73.45,41.65,0.0,8.28,0.628,32.9,15.52,44.46
2026-05-15 00:00:00,21.27,62.78,45.78,0.0,6.59,0.623,47.07,12.83,46.2
2026-05-15 01:00:00,20.16,68.85,42.26,0.0,6.02,0.577,9.63,12.33,44.88
2026-05-15 02:00:00,18.76,71.54,31.66,0.0,5.87,0.56,35.26,23.81,35.55
2026-05-15 03:00:00,19.24,82.84,30.51,0.0,7.15,0.664,10.17,17.17,37.61
2026-05-15 04:00:00,22.05,61.47,49.62,0.0,5.9,0.633,36.58,18.22,53.67
2026-05-15 05:00:00,21.62,76.06,50.35,0.7,4.31,0.769,29.77,15.1,50.93
2026-05-15 06:00:00,23.99,67.55,52.25,0.0,9.66,0.703,42.63,24.98,56.03
2026-05-15 07:00:00,27.02,66.44,43.8,0.0,9.7,0.701,15.48,16.54,44.01
2026-05-15 08:00:00,29.73,62.81,38.09,0.0,14.1,0.621,43.86,10.89,38.42
2026-05-15 09:00:00,30.16,64.1,41.21,0.57,6.99,0.67,46.39,32.14,40.87
2026-05-15 10:00:00,26.76,63.82,46.1,0.0,9.89,0.709,0.0,0.0,48.12
2026-05-15 11:00:00,31.25,68.27,40.35,0.0,9.94,0.737,29.8,6.86,39.95
2026-05-15 12:00:00,31.11,58.83,52.92,0.0,8.24,0.672,40.18,3.34,52.45
2026-05-15 13:00:00,31.42,66.53,55.99,0.95,11.23,0.766,14.41,6.7,59.81
2026-05-15 14:00:00,32.62,56.68,49.34,6.15,11.33,0.681,6.99,16.87,57.62
2026-05-15 15:00:00,26.15,64.78,45.93,0.0,9.98,0.743,34.27,33.92,48.53
2026-05-15 16:00:00,27.11,58.95,42.0,0.68,8.23,0.641,10.34,8.89,46.51
2026-05-15 17:00:00,27.44,66.32,53.16,0.0,7.93,0.535,34.13,36.43,54.41
2026-05-15 18:00:00,22.63,75.12,49.54,0.0,4.9,0.701,22.88,12.2,50.54
2026-05-15 19:00:00,25.66,65.08,46.66,0.0,6.58,0.738,31.29,25.79,50.59
2026-05-15 20:00:00,22.55,66.97,52.62,0.0,7.13,0.726,12.12,2.6,56.02
2026-05-15 21:00:00,22.03,62.81,48.3,0.0,5.63,0.714,12.23,2.09,53.94
2026-05-15 22:00:00,18.95,69.7,52.22,0.0,10.32,0.652,28.91,9.81,53.92
2026-05-15 23:00:00,20.43,61.7,45.2,0.0,12.59,0.615,45.46,6.46,45.81
2026-05-16 00:00:00,20.6,64.95,54.68,0.0,6.28,0.724,55.98,42.37,60.11
2026-05-16 01:00:00,19.55,71.49,52.41,0.0,9.85,0.714,0.0,0.0,55.04
2026-05-16 02:00:00,20.16,76.47,57.71,0.44,5.9,0.635,33.52,11.22,65.41
2026-05-16 03:00:00,21.16,83.12,52.91,2.23,8.09,0.769,1.8,0.0,62.83
2026-05-16 04:00:00,20.7,66.5,51.38,0.0,6.93,0.609,46.13,23.53,53.38
2026-05-16 05:00:00,23.23,74.6,46.13,0.0,10.81,0.633,14.86,24.04,49.02
2026-05-16 06:00:00,24.77,67.4,55.01,0.0,6.96,0.811,4.61,21.38,55.05
2026-05-16 07:00:00,27.13,63.54,48.57,0.0,12.03,0.749,10.8,0.0,50.46
2026-05-16 08:00:00,29.5,64.56,49.27,0.0,8.26,0.651,26.35,11.3,47.46
2026-05-16 09:00:00,27.65,64.19,52.44,0.0,7.05,0.703,28.21,6.21,53.49
2026-05-16 10:00:00,30.01,62.55,52.59,3.45,5.24,0.692,31.46,26.2,59.88
2026-05-16 11:00:00,33.02,57.54,42.6,0.0,9.76,0.46,42.69,26.06,39.75
2026-05-16 12:00:00,29.88,55.1,51.73,0.0,11.69,0.607,11.05,0.35,48.51
2026-05-16 13:00:00,29.56,54.63,55.36,0.0,9.82,0.676,36.44,20.7,55.75
2026-05-16 14:00:00,30.5,64.87,51.26,1.86,15.72,0.651,26.69,10.38,53.6
2026-05-16 15:00:00,30.51,60.21,49.82,0.0,13.29,0.7,41.04,37.1,45.78
2026-05-16 16:00:00,28.02,60.61,54.71,2.04,8.08,0.77,7.36,8.97,60.92
2026-05-16 17:00:00,28.55,63.21,52.74,0.0,8.05,0.654,3.22,7.8,53.45
2026-05-16 18:00:00,26.29,68.95,49.79,0.0,10.41,0.595,31.46,0.0,50.47
2026-05-16 19:00:00,24.71,67.13,53.37,0.0,6.49,0.706,42.56,22.81,59.67
2026-05-16 20:00:00,22.83,64.45,57.8,0.0,12.5,0.654,29.7,35.09,58.96
2026-05-16 21:00:00,24.25,72.73,49.98,3.06,10.08,0.668,23.2,24.7,58.07
2026-05-16 22:00:00,19.5,78.3,54.66,0.0,9.77,0.657,14.01,0.0,58.94
2026-05-16 23:00:00,16.2,75.51,50.09,0.5,11.06,0.859,37.22,17.65,56.83
2026-05-17 00:00:00,21.41,73.74,59.99,0.0,14.17,0.501,24.1,2.44,62.97
2026-05-17 01:00:00,18.52,77.4,54.9,0.52,9.51,0.649,16.8,24.64,56.07
2026-05-17 02:00:00,19.97,75.68,53.2,5.82,8.66,0.68,33.77,20.77,65.88
2026-05-17 03:00:00,22.72,70.89,55.92,0.0,13.53,0.618,2.36,0.0,62.62
2026-05-17 04:00:00,19.6,73.31,49.53,0.0,11.9,0.752,38.56,21.52,54.13
2026-05-17 05:00:00,21.57,71.34,51.07,0.12,8.04,0.745,29.36,0.0,55.51
2026-05-17 06:00:00,22.6,62.43,48.08,0.0,9.02,0.676,38.99,11.68,53.92
2026-05-17 07:00:00,25.36,69.21,48.73,0.41,9.59,0.658,35.3,19.75,53.21
2026-05-17 08:00:00,28.66,56.29,58.52,0.0,10.09,0.671,23.5,20.54,57.28
2026-05-17 09:00:00,30.03,58.0,49.88,0.0,4.93,0.672,9.92,0.0,50.28
2026-05-17 10:00:00,30.61,68.03,54.43,0.0,4.37,0.674,23.6,9.55,55.7
2026-05-17 11:00:00,28.68,67.26,50.37,5.19,6.34,0.665,11.77,15.56,59.0
2026-05-17 12:00:00,27.53,71.41,56.56,0.0,6.11,0.7,30.88,3.92,59.33
2026-05-17 13:00:00,30.88,59.94,46.56,0.0,7.07,0.74,32.48,19.93,45.95
2026-05-17 14:00:00,29.49,56.65,51.92,3.04,10.9,0.582,55.23,30.97,52.05
2026-05-17 15:00:00,29.93,60.85,51.51,3.44,8.49,0.596,37.5,36.05,55.38
2026-05-17 16:00:00,29.05,63.27,61.19,0.0,9.59,0.54,50.26,25.57,59.93
2026-05-17 17:00:00,26.76,64.99,55.03,0.0,5.33,0.749,15.2,6.81,59.65
2026-05-17 18:00:00,26.14,70.76,49.6,2.12,7.62,0.7,16.42,16.73,52.13
2026-05-17 19:00:00,23.79,65.16,55.72,0.0,10.76,0.72,29.07,4.05,58.6
2026-05-17 20:00:00,22.8,69.52,61.68,0.0,10.78,0.566,28.55,13.72,64.02
2026-05-17 21:00:00,19.7,65.3,47.77,5.85,6.83,0.823,17.81,5.7,64.22
2026-05-17 22:00:00,19.53,72.62,49.02,0.0,9.48,0.631,13.18,6.0,53.18
2026-05-17 23:00:00,19.5,70.42,52.06,2.98,15.6,0.693,10.9,13.63,63.82
2026-05-18 00:00:00,20.23,66.07,50.59,3.73,8.95,0.748,29.26,21.08,61.36
2026-05-18 01:00:00,18.61,69.93,51.62,4.73,6.92,0.601,44.82,17.91,62.82
2026-05-18 02:00:00,20.59,68.61,45.33,0.0,8.48,0.636,13.91,8.88,49.66
2026-05-18 03:00:00,20.36,68.36,55.87,0.0,9.28,0.694,34.11,32.18,57.26
2026-05-18 04:00:00,21.82,77.4,44.39,0.0,8.55,0.909,0.0,0.0,51.28
2026-05-18 05:00:00,24.69,65.75,47.99,0.0,8.91,0.704,23.52,14.24,48.14
2026-05-18 06:00:00,22.01,67.17,54.05,0.99,4.67,0.809,36.17,18.16,57.73
2026-05-18 07:00:00,24.61,55.83,48.02,0.0,6.11,0.776,29.6,15.71,51.23
2026-05-18 08:00:00,25.78,60.91,43.78,0.0,8.55,0.709,34.78,4.45,48.79
2026-05-18 09:00:00,25.74,64.09,39.3,0.0,8.5,0.601,60.16,45.79,34.84
2026-05-18 10:00:00,29.18,59.23,45.87,0.0,7.3,0.765,7.86,0.0,49.63
2026-05-18 11:00:00,31.92,67.37,41.24,0.0,8.47,0.56,20.0,20.23,39.56
2026-05-18 12:00:00,30.57,60.72,46.76,0.0,9.18,0.808,4.12,0.0,43.13
2026-05-18 13:00:00,31.09,67.57,39.66,2.72,11.67,0.696,20.1,5.43,38.28
2026-05-18 14:00:00,31.83,60.84,47.56,0.0,8.7,0.468,6.84,14.68,42.99
2026-05-18 15:00:00,31.23,61.2,44.21,1.33,10.2,0.653,24.27,22.29,44.69
2026-05-18 16:00:00,27.9,63.24,47.42,5.95,7.38,0.732,12.85,8.94,59.41
2026-05-18 17:00:00,28.58,63.15,49.28,0.0,10.72,0.661,38.47,28.01,49.83
2026-05-18 18:00:00,25.14,74.48,43.4,3.15,10.13,0.737,25.91,11.65,51.28
2026-05-18 19:00:00,22.19,56.65,41.35,0.0,11.6,0.612,21.63,11.82,41.45
2026-05-18 20:00:00,21.11,59.11,41.72,0.0,11.14,0.576,42.41,17.37,43.07
2026-05-18 21:00:00,18.54,68.45,42.94,0.0,10.77,0.674,36.51,28.21,45.21
2026-05-18 22:00:00,18.47,71.3,44.66,0.0,8.7,0.683,13.47,1.17,49.7
2026-05-18 23:00:00,18.67,74.52,40.23,2.02,9.73,0.652,20.03,24.39,45.38
2026-05-19 00:00:00,20.21,72.2,36.34,4.21,12.19,0.778,0.0,0.0,50.04
2026-05-19 01:00:00,21.79,66.65,41.69,4.24,7.04,0.612,14.28,8.04,52.02
2026-05-19 02:00:00,17.73,76.91,44.68,0.0,7.11,0.705,12.06,13.46,47.3
2026-05-19 03:00:00,21.35,74.07,42.36,0.0,9.54,0.685,25.88,14.45,45.04
2026-05-19 04:00:00,20.44,70.57,47.51,0.46,10.25,0.555,20.98,8.86,54.29
2026-05-19 05:00:00,24.16,71.49,49.17,0.0,6.53,0.574,25.94,14.0,52.77
2026-05-19 06:00:00,24.8,67.52,43.42,0.0,8.78,0.681,6.74,11.75,45.12
2026-05-19 07:00:00,23.81,64.15,46.71,0.0,8.72,0.838,15.09,2.33,52.48
2026-05-19 08:00:00,29.39,65.98,41.5,0.0,2.35,0.726,27.88,14.2,46.82
2026-05-19 09:00:00,28.34,63.88,45.14,0.0,8.34,0.542,42.28,23.35,45.65
2026-05-19 10:00:00,29.4,62.49,44.64,0.0,8.53,0.431,45.29,32.69,45.82
2026-05-19 11:00:00,29.19,70.01,42.29,0.0,8.52,0.739,0.0,0.0,46.09
2026-05-19 12:00:00,30.02,49.73,39.17,0.0,13.25,0.672,16.52,25.36,35.26
2026-05-19 13:00:00,31.44,53.76,35.64,0.0,5.35,0.771,11.79,5.07,34.91
2026-05-19 14:00:00,29.91,56.13,36.09,0.0,6.53,0.61,24.79,11.49,33.18
2026-05-19 15:00:00,29.74,60.4,34.52,0.0,1.16,0.708,24.08,11.71,34.83
2026-05-19 16:00:00,28.54,61.89,39.42,1.38,7.56,0.748,41.17,10.79,41.44
2026-05-19 17:00:00,28.53,55.64,32.53,0.0,7.81,0.644,40.25,12.8,31.84
2026-05-19 18:00:00,24.49,61.49,36.3,0.0,7.47,0.646,13.11,2.44,38.39
2026-05-19 19:00:00,21.23,64.71,25.78,0.73,12.32,0.682,35.21,29.59,28.14
2026-05-19 20:00:00,23.6,79.41,43.83,0.0,11.58,0.723,31.33,16.93,48.67
2026-05-19 21:00:00,20.26,78.8,37.97,4.05,9.23,0.679,13.2,2.9,50.01
2026-05-19 22:00:00,21.48,66.76,37.9,0.95,7.89,0.758,31.7,28.47,38.28
2026-05-19 23:00:00,19.78,68.36,42.34,0.0,12.08,0.643,25.75,28.12,42.89
2026-05-20 00:00:00,18.8,65.21,37.8,0.0,8.94,0.574,12.55,18.2,37.63
2026-05-20 01:00:00,19.73,60.68,43.47,0.0,6.55,0.838,19.38,2.98,47.82
2026-05-20 02:00:00,22.73,67.23,31.19,3.76,3.85,0.632,32.32,13.32,42.94
2026-05-20 03:00:00,23.87,61.91,45.71,2.57,7.68,0.635,25.42,30.31,52.76
2026-05-20 04:00:00,22.1,67.89,40.22,0.32,11.26,0.675,25.06,15.95,42.18
2026-05-20 05:00:00,23.69,59.05,36.81,1.48,15.83,0.685,13.98,5.28,42.43
2026-05-20 06:00:00,26.61,60.9,39.66,0.0,9.18,0.649,36.83,26.72,39.18
2026-05-20 07:00:00,25.28,66.52,30.15,4.76,6.7,0.679,24.66,22.63,38.68
2026-05-20 08:00:00,28.5,65.03,32.32,0.0,5.45,0.677,27.95,10.23,35.17
2026-05-20 09:00:00,29.2,64.72,40.59,3.34,10.66,0.694,29.44,18.17,47.99
2026-05-20 10:00:00,30.67,54.86,23.95,0.0,3.71,0.491,22.97,20.97,24.66
2026-05-20 11:00:00,29.55,66.64,36.39,0.0,10.65,0.83,0.0,0.0,36.18
2026-05-20 12:00:00,28.62,59.11,36.81,0.93,11.45,0.668,0.0,0.11,41.65
2026-05-20 13:00:00,27.69,67.02,45.45,7.53,10.31,0.726,29.96,6.45,59.67
2026-05-20 14:00:00,28.52,63.13,27.02,0.0,8.34,0.57,15.84,0.0,29.9
2026-05-20 15:00:00,28.55,56.27,40.72,0.0,10.69,0.642,30.2,11.54,39.61
2026-05-20 16:00:00,27.56,62.37,30.54,0.0,9.51,0.626,35.07,23.58,30.33
2026-05-20 17:00:00,29.46,64.26,31.86,1.31,6.67,0.798,24.83,10.76,29.96
2026-05-20 18:00:00,26.66,67.74,29.33,0.0,14.55,0.633,10.89,0.15,30.92
2026-05-20 19:00:00,22.0,67.69,30.53,0.0,7.94,0.741,19.37,11.12,34.39
2026-05-20 20:00:00,22.52,75.64,36.7,0.0,11.33,0.628,54.42,19.61,39.2
2026-05-20 21:00:00,20.15,74.92,29.76,0.0,1.74,0.644,53.81,33.46,36.72
2026-05-20 22:00:00,19.38,69.21,38.45,0.0,12.83,0.66,41.58,33.05,37.8
2026-05-20 23:00:00,19.48,74.16,33.55,0.0,13.41,0.783,22.05,11.41,35.94
2026-05-21 00:00:00,19.93,79.73,31.34,0.47,9.09,0.529,22.22,10.4,34.94
2026-05-21 01:00:00,18.7,80.85,34.56,2.48,10.68,0.575,44.4,27.78,41.15
2026-05-21 02:00:00,21.4,62.74,39.24,1.58,10.68,0.524,35.29,1.15,47.8
2026-05-21 03:00:00,19.04,66.13,35.14,0.0,7.07,0.593,40.57,27.14,40.64
2026-05-21 04:00:00,22.01,75.82,35.27,0.0,10.64,0.615,20.9,39.41,35.9
2026-05-21 05:00:00,27.34,58.83,43.56,14.53,6.57,0.551,32.94,17.01,69.15
2026-05-21 06:00:00,25.33,59.12,41.33,1.04,7.17,0.621,32.36,16.73,42.84
2026-05-21 07:00:00,28.7,60.61,33.32,0.0,12.38,0.519,41.79,29.68,34.63
2026-05-21 08:00:00,28.14,65.59,30.4,1.12,11.92,0.599,39.12,36.32,33.65
2026-05-21 09:00:00,30.11,61.4,36.38,0.59,6.88,0.776,8.83,13.63,37.0
2026-05-21 10:00:00,30.11,58.66,39.75,2.03,6.8,0.712,2.47,0.0,41.14
2026-05-21 11:00:00,30.54,58.2,28.91,0.84,7.06,0.695,48.37,31.68,25.8
2026-05-21 12:00:00,29.83,58.57,29.89,0.0,11.2,0.6,68.96,61.07,26.09
2026-05-21 13:00:00,31.44,56.45,32.5,0.0,6.0,0.557,41.74,28.56,31.3
2026-05-21 14:00:00,28.92,74.27,37.45,0.0,10.07,0.589,12.63,0.0,35.35
2026-05-21 15:00:00,30.24,63.29,34.33,0.0,11.24,0.677,13.88,10.17,33.26
2026-05-21 16:00:00,29.63,66.73,44.0,6.25,8.74,0.749,27.28,3.48,59.45
2026-05-21 17:00:00,27.1,61.87,30.61,0.0,12.03,0.752,39.54,32.84,29.67
2026-05-21 18:00:00,24.57,65.41,33.66,0.0,8.09,0.73,2.97,0.0,40.59
2026-05-21 19:00:00,24.13,63.13,39.93,3.36,8.36,0.621,28.06,16.1,50.12
2026-05-21 20:00:00,21.54,55.51,41.63,1.92,6.07,0.682,27.98,7.67,46.09
2026-05-21 21:00:00,22.16,61.38,35.64,2.32,12.05,0.654,40.23,17.21,41.5
2026-05-21 22:00:00,17.06,63.3,39.8,0.0,6.7,0.664,21.33,25.11,42.05
2026-05-21 23:00:00,18.7,59.79,42.31,0.54,10.05,0.843,0.0,0.93,44.89
2026-05-22 00:00:00,16.01,67.21,42.04,0.0,8.79,0.539,45.79,20.15,43.01
2026-05-22 01:00:00,16.96,79.06,45.01,0.0,5.84,0.661,43.57,13.66,52.7
2026-05-22 02:00:00,21.85,68.3,41.32,0.0,7.17,0.777,16.21,0.0,43.97
2026-05-22 03:00:00,22.1,74.77,50.59,0.0,13.15,0.563,40.66,11.1,56.37
2026-05-22 04:00:00,20.92,71.32,46.93,0.72,9.6,0.629,22.2,13.22,50.99
2026-05-22 05:00:00,21.19,72.96,40.89,0.0,5.97,0.638,15.9,17.57,44.73
2026-05-22 06:00:00,20.55,65.05,45.45,0.0,9.92,0.662,42.03,18.07,49.33
2026-05-22 07:00:00,25.74,68.03,43.54,0.01,8.56,0.552,41.23,36.81,43.24
2026-05-22 08:00:00,31.63,64.34,51.04,5.83,19.36,0.728,28.75,9.35,60.64
2026-05-22 09:00:00,29.89,59.2,40.89,0.0,9.86,0.733,43.47,21.77,35.58
2026-05-22 10:00:00,29.36,65.31,49.92,3.06,7.86,0.721,6.12,0.0,57.64
2026-05-22 11:00:00,31.49,63.64,45.73,4.53,13.26,0.61,22.49,21.29,46.83
2026-05-22 12:00:00,28.66,60.33,51.94,2.7,3.48,0.687,27.02,33.74,55.84
2026-05-22 13:00:00,30.35,56.11,52.5,1.27,9.28,0.608,22.49,0.0,56.37
2026-05-22 14:00:00,30.35,55.8,49.29,8.26,14.98,0.653,39.08,18.38,63.29
2026-05-22 15:00:00,29.11,63.14,46.56,4.1,8.65,0.852,8.61,16.12,51.42
2026-05-22 16:00:00,29.19,64.29,49.89,0.0,3.8,0.688,9.7,0.0,49.38
2026-05-22 17:00:00,27.07,60.38,46.25,0.0,7.81,0.585,33.79,23.68,45.42
2026-05-22 18:00:00,26.0,65.33,55.11,0.0,13.36,0.694,26.6,25.62,56.21
2026-05-22 19:00:00,22.41,70.92,52.1,8.7,10.13,0.572,47.87,27.03,66.26
2026-05-22 20:00:00,23.35,70.41,47.01,0.0,6.48,0.584,38.77,26.28,50.0
2026-05-22 21:00:00,23.2,75.2,46.49,0.06,6.94,0.597,38.78,37.18,49.8
2026-05-22 22:00:00,18.35,77.71,44.7,0.0,7.32,0.644,32.85,35.6,46.98
2026-05-22 23:00:00,17.87,66.7,54.72,0.0,10.08,0.755,16.38,8.45,59.3
2026-05-23 00:00:00,21.0,77.61,48.48,0.0,13.01,0.726,10.75,1.12,53.49
2026-05-23 01:00:00,18.92,68.21,57.62,0.0,12.16,0.722,26.19,6.12,60.1
2026-05-23 02:00:00,21.91,73.7,45.33,0.0,10.37,0.592,27.24,23.77,44.44
2026-05-23 03:00:00,20.09,70.27,52.83,0.0,5.01,0.637,54.01,17.36,56.9
2026-05-23 04:00:00,24.18,64.59,56.44,0.1,5.02,0.702,43.59,21.7,57.67
2026-05-23 05:00:00,23.64,58.05,41.9,0.0,10.6,0.63,38.71,22.22,42.56
2026-05-23 06:00:00,25.39,64.83,61.0,0.0,4.96,0.658,32.66,13.44,64.84
2026-05-23 07:00:00,28.9,55.08,49.31,0.0,8.32,0.715,21.06,14.1,51.87
2026-05-23 08:00:00,27.46,68.87,51.62,0.0,9.91,0.652,8.52,27.76,52.02
2026-05-23 09:00:00,27.83,71.32,54.72,0.0,5.59,0.698,20.51,10.19,58.04
2026-05-23 10:00:00,29.52,58.4,56.57,3.1,5.93,0.807,16.53,5.17,59.83
2026-05-23 11:00:00,31.47,62.33,52.49,1.62,8.72,0.666,29.74,25.5,53.95
2026-05-23 12:00:00,28.65,59.45,56.64,0.0,10.51,0.774,24.7,15.74,56.36
2026-05-23 13:00:00,31.75,57.46,52.87,0.0,12.18,0.725,35.44,32.45,51.92
2026-05-23 14:00:00,29.39,66.36,60.25,0.0,10.82,0.563,24.21,14.8,59.18
2026-05-23 15:00:00,30.96,61.04,54.71,0.0,9.22,0.592,22.01,9.87,53.48
2026-05-23 16:00:00,24.41,75.17,65.62,8.12,6.76,0.613,52.3,12.71,86.45
2026-05-23 17:00:00,25.37,63.29,58.1,0.0,5.79,0.612,42.24,8.65,60.93
2026-05-23 18:00:00,22.47,73.02,48.28,2.93,7.47,0.673,19.92,0.0,56.28
2026-05-23 19:00:00,22.21,68.72,66.42,0.0,10.23,0.729,19.66,14.23,74.8
2026-05-23 20:00:00,22.37,72.08,52.96,0.0,10.01,0.78,15.63,0.0,55.37
2026-05-23 21:00:00,20.49,67.37,61.33,0.0,2.7,0.705,23.7,24.34,64.57
2026-05-23 22:00:00,19.42,70.21,55.31,0.0,6.64,0.644,35.14,19.6,59.45
2026-05-23 23:00:00,18.97,70.25,59.05,0.47,12.61,0.513,76.55,39.91,61.73
2026-05-24 00:00:00,19.31,66.38,52.87,0.0,9.24,0.686,27.59,7.58,56.16
2026-05-24 01:00:00,17.69,75.16,59.8,4.72,4.75,0.682,34.97,24.84,71.62
2026-05-24 02:00:00,20.86,72.56,55.79,2.65,16.07,0.695,0.0,0.0,63.97
2026-05-24 03:00:00,21.75,71.57,62.85,0.0,8.91,0.848,4.45,0.0,65.28
2026-05-24 04:00:00,22.58,75.62,55.65,0.0,10.15,0.779,35.69,30.33,62.66
2026-05-24 05:00:00,24.28,73.82,58.16,0.0,10.2,0.743,26.21,17.61,61.01
2026-05-24 06:00:00,25.44,63.77,44.9,0.0,7.9,0.603,0.0,0.0,49.45
2026-05-24 07:00:00,29.61,64.18,52.83,3.78,6.82,0.639,38.59,27.0,58.31
2026-05-24 08:00:00,27.87,60.59,53.88,0.0,15.37,0.672,54.58,30.1,51.94
2026-05-24 09:00:00,28.78,63.09,55.16,2.51,12.01,0.618,0.22,3.57,59.5
2026-05-24 10:00:00,29.07,59.75,56.58,0.0,11.47,0.72,44.79,17.28,52.89
2026-05-24 11:00:00,29.25,70.7,50.34,0.0,10.73,0.709,0.0,18.63,50.2
2026-05-24 12:00:00,29.13,64.51,52.79,2.3,5.99,0.593,46.24,20.21,56.33
2026-05-24 13:00:00,29.46,61.34,56.63,0.0,12.83,0.776,17.41,23.58,57.68
2026-05-24 14:00:00,30.09,67.9,42.64,1.46,6.47,0.688,0.0,0.0,44.18
2026-05-24 15:00:00,29.74,51.35,53.08,0.0,9.85,0.542,42.96,30.89,49.53
2026-05-24 16:00:00,28.08,53.47,50.64,4.17,4.08,0.676,42.79,30.14,55.79
2026-05-24 17:00:00,25.4,69.66,47.66,1.13,2.88,0.702,28.86,26.19,55.21
2026-05-24 18:00:00,26.35,65.22,53.8,0.75,9.95,0.758,27.75,7.69,55.6
2026-05-24 19:00:00,24.56,67.61,56.93,0.0,6.57,0.653,21.18,21.33,60.88
2026-05-24 20:00:00,21.76,61.96,59.61,7.98,3.03,0.746,0.0,16.62,79.35
2026-05-24 21:00:00,19.78,70.06,51.77,0.0,10.62,0.695,34.38,16.58,54.65
2026-05-24 22:00:00,20.63,79.52,55.65,2.32,15.36,0.575,59.86,33.24,59.27
2026-05-24 23:00:00,19.49,74.53,55.4,0.0,13.17,0.567,51.2,23.45,55.41
2026-05-25 00:00:00,16.83,73.39,52.88,0.0,8.23,0.77,0.0,0.0,59.49
2026-05-25 01:00:00,19.1,68.52,48.37,0.0,9.03,0.776,0.0,15.4,49.17
2026-05-25 02:00:00,20.2,67.87,48.98,0.0,11.66,0.706,10.44,0.0,53.79
2026-05-25 03:00:00,19.41,59.83,55.49,0.0,12.37,0.8,0.0,0.0,59.02
2026-05-25 04:00:00,22.28,69.46,50.99,5.72,7.97,0.765,19.1,25.0,64.9
2026-05-25 05:00:00,21.26,73.22,44.68,0.0,9.1,0.735,26.73,20.32,48.97
2026-05-25 06:00:00,27.0,56.52,40.1,0.86,9.9,0.607,9.58,24.35,39.76
2026-05-25 07:00:00,28.42,59.95,51.28,0.0,10.66,0.819,25.78,10.12,49.7
2026-05-25 08:00:00,27.62,58.12,44.62,0.47,8.6,0.723,30.78,18.07,47.26
2026-05-25 09:00:00,29.79,57.34,48.84,1.53,8.64,0.649,19.45,4.75,50.37
2026-05-25 10:00:00,26.58,65.0,52.17,0.0,13.14,0.627,26.89,16.08,47.74
2026-05-25 11:00:00,29.06,52.33,45.18,12.84,12.63,0.701,0.0,0.0,69.47
2026-05-25 12:00:00,30.56,64.62,44.45,0.59,10.43,0.546,30.91,23.17,42.13
2026-05-25 13:00:00,29.19,66.42,44.48,0.86,14.16,0.736,20.83,14.37,46.73
2026-05-25 14:00:00,31.27,59.73,45.55,0.0,7.84,0.604,33.83,18.09,46.91
2026-05-25 15:00:00,32.24,47.81,49.16,0.0,13.87,0.71,28.51,12.17,45.97
2026-05-25 16:00:00,26.24,60.03,39.13,0.73,10.63,0.638,32.2,9.66,44.05
2026-05-25 17:00:00,25.3,71.93,46.71,0.0,18.81,0.659,22.93,19.16,48.46
2026-05-25 18:00:00,25.35,51.83,49.79,2.1,5.42,0.619,34.34,8.35,58.91
2026-05-25 19:00:00,25.86,63.57,41.93,0.0,6.93,0.667,41.26,27.3,41.13
2026-05-25 20:00:00,20.17,63.97,43.61,0.78,10.26,0.831,11.68,25.09,47.12
2026-05-25 21:00:00,21.13,73.12,45.23,0.0,10.19,0.791,21.1,24.97,49.46
2026-05-25 22:00:00,22.54,64.6,45.68,0.0,14.85,0.708,20.14,0.0,48.68
2026-05-25 23:00:00,16.73,74.64,48.55,2.72,6.99,0.678,15.66,3.78,60.62
2026-05-26 00:00:00,17.08,75.16,47.24,3.13,11.71,0.748,27.64,19.0,55.28
2026-05-26 01:00:00,18.57,80.33,40.36,2.97,12.49,0.77,9.64,4.67,54.44
2026-05-26 02:00:00,19.02,69.77,48.05,1.41,11.11,0.614,36.3,7.37,58.57
2026-05-26 03:00:00,21.98,70.3,46.63,0.0,6.12,0.674,26.12,17.83,50.84
2026-05-26 04:00:00,22.36,60.68,41.78,0.0,13.22,0.534,32.3,17.68,44.92
2026-05-26 05:00:00,20.78,75.32,33.87,0.0,12.69,0.77,13.09,24.43,39.04
2026-05-26 06:00:00,25.77,61.58,39.94,0.0,10.8,0.845,4.36,0.12,40.22
2026-05-26 07:00:00,25.69,62.65,40.4,0.0,9.61,0.686,0.0,10.51,39.97
2026-05-26 08:00:00,29.91,61.96,34.47,4.66,9.68,0.51,44.54,13.1,45.0
2026-05-26 09:00:00,28.3,55.54,36.97,0.0,8.76,0.729,24.78,4.37,38.24
2026-05-26 10:00:00,29.24,63.75,30.13,0.0,10.92,0.608,43.73,30.55,28.45
2026-05-26 11:00:00,31.61,65.55,38.85,0.0,9.09,0.627,21.47,21.56,37.33
2026-05-26 12:00:00,32.14,61.75,36.61,0.0,6.45,0.73,49.62,18.67,30.21
2026-05-26 13:00:00,31.47,52.88,28.85,0.0,5.85,0.7,17.87,10.05,27.19
2026-05-26 14:00:00,27.67,63.25,40.01,2.55,6.74,0.641,15.2,0.0,45.32
2026-05-26 15:00:00,30.05,65.67,36.03,0.0,9.67,0.628,14.45,6.32,38.19
2026-05-26 16:00:00,26.45,55.45,39.18,0.0,8.92,0.69,0.0,7.53,42.66
2026-05-26 17:00:00,26.91,59.1,34.29,1.56,9.65,0.647,50.81,24.03,38.53
2026-05-26 18:00:00,22.86,72.09,32.5,0.0,10.5,0.591,52.87,26.83,35.92
2026-05-26 19:00:00,24.12,68.06,34.87,5.0,7.12,0.653,36.34,9.82,44.72
2026-05-26 20:00:00,20.79,71.43,35.37,0.0,13.4,0.707,9.59,0.0,40.66
2026-05-26 21:00:00,18.83,80.23,35.44,0.0,8.2,0.666,53.51,45.25,38.97
2026-05-26 22:00:00,20.87,71.64,37.04,0.0,7.7,0.567,28.97,16.59,43.18
2026-05-26 23:00:00,19.57,73.64,36.84,0.52,10.45,0.759,14.83,0.0,46.65
2026-05-27 00:00:00,18.08,85.09,33.86,0.0,3.49,0.461,64.29,32.53,34.59
2026-05-27 01:00:00,21.38,67.83,34.77,0.0,6.63,0.644,37.94,6.49,38.17
2026-05-27 02:00:00,19.14,66.7,46.94,0.0,11.94,0.63,62.19,25.07,47.6
2026-05-27 03:00:00,20.81,71.49,31.65,0.48,3.79,0.692,27.98,27.63,36.2
2026-05-27 04:00:00,22.4,70.27,37.81,13.35,12.35,0.725,15.65,7.33,65.5
2026-05-27 05:00:00,22.52,65.35,49.47,0.0,13.53,0.77,8.81,21.86,51.08
2026-05-27 06:00:00,25.71,60.27,37.16,0.59,7.89,0.623,2.05,0.27,43.19
2026-05-27 07:00:00,25.75,76.95,29.95,4.92,9.88,0.727,17.27,9.17,39.97
2026-05-27 08:00:00,27.38,65.73,36.61,0.0,12.36,0.696,41.12,28.38,34.45
2026-05-27 09:00:00,31.29,57.31,29.35,0.0,7.6,0.543,45.14,0.77,26.91
2026-05-27 10:00:00,28.64,67.67,37.66,0.0,11.6,0.832,13.34,9.18,37.77
2026-05-27 11:00:00,27.18,63.71,33.29,1.13,6.99,0.565,19.48,10.28,34.66
2026-05-27 12:00:00,33.42,58.0,29.26,0.0,7.57,0.714,25.92,27.63,25.78
2026-05-27 13:00:00,34.62,61.12,38.07,0.0,6.6,0.711,37.9,29.53,33.93
2026-05-27 14:00:00,29.59,55.87,36.06,0.0,10.03,0.702,29.9,6.24,34.24
2026-05-27 15:00:00,26.34,66.69,37.42,0.0,12.47,0.64,30.87,28.16,39.75
2026-05-27 16:00:00,27.53,73.54,36.35,0.1,8.45,0.746,7.95,2.01,39.2
2026-05-27 17:00:00,26.12,67.43,31.79,0.0,5.19,0.555,48.19,18.37,36.24
2026-05-27 18:00:00,24.72,64.35,38.22,0.73,5.75,0.675,0.0,1.77,43.09
2026-05-27 19:00:00,21.78,66.04,40.56,0.0,10.18,0.635,34.55,17.18,43.37
2026-05-27 20:00:00,22.87,65.65,33.51,0.0,14.53,0.626,68.09,51.3,32.3
2026-05-27 21:00:00,21.54,67.49,44.35,0.0,10.18,0.714,0.0,3.07,48.3
2026-05-27 22:00:00,17.56,70.06,41.31,1.52,7.84,0.766,14.68,9.93,49.44
2026-05-27 23:00:00,20.25,74.38,36.59,0.0,11.3,0.653,27.28,23.11,38.74
2026-05-28 00:00:00,22.08,59.67,36.82,0.0,8.28,0.742,13.26,17.13,40.44
2026-05-28 01:00:00,19.46,74.74,36.55,0.43,7.87,0.684,40.43,29.29,38.68
2026-05-28 02:00:00,19.3,68.66,30.11,0.0,6.12,0.609,38.0,33.68,34.03
2026-05-28 03:00:00,20.54,71.45,35.95,0.0,13.23,0.659,29.14,21.5,37.42
2026-05-28 04:00:00,22.92,62.03,36.87,0.0,1.38,0.656,39.08,23.0,41.76
2026-05-28 05:00:00,20.85,75.96,35.07,1.72,11.39,0.624,29.91,27.6,41.07
2026-05-28 06:00:00,25.25,72.03,36.37,0.0,7.61,0.714,70.16,37.77,40.94
2026-05-28 07:00:00,25.97,70.02,36.4,0.0,7.77,0.699,25.97,14.58,36.66
2026-05-28 08:00:00,30.77,53.81,37.51,0.0,14.08,0.553,38.31,36.56,30.89
2026-05-28 09:00:00,28.98,66.96,38.71,0.0,6.86,0.548,10.11,20.16,37.86
2026-05-28 10:00:00,32.7,61.87,36.56,0.0,6.96,0.714,14.33,7.81,32.57
2026-05-28 11:00:00,29.14,54.66,29.96,0.0,8.61,0.615,47.63,22.11,26.16
2026-05-28 12:00:00,31.88,60.37,44.21,0.0,10.24,0.704,3.24,14.95,43.67
2026-05-28 13:00:00,31.27,62.8,36.42,0.0,7.67,0.742,0.0,7.2,36.01
2026-05-28 14:00:00,28.89,65.67,37.47,2.08,4.28,0.578,33.82,21.44,40.8
2026-05-28 15:00:00,29.51,63.28,35.38,0.0,6.4,0.567,54.8,27.24,33.96
2026-05-28 16:00:00,29.82,63.6,35.92,0.0,12.84,0.814,15.12,11.3,34.28
2026-05-28 17:00:00,26.07,72.51,46.84,1.18,9.22,0.708,17.91,9.65,55.14
2026-05-28 18:00:00,22.46,74.16,47.86,0.93,10.35,0.646,0.01,0.0,52.75
2026-05-28 19:00:00,23.42,52.93,42.4,0.93,8.22,0.605,37.96,22.04,43.13
2026-05-28 20:00:00,20.65,67.9,40.54,0.0,7.02,0.639,38.39,23.5,45.08
2026-05-28 21:00:00,20.24,68.98,45.67,0.0,14.03,0.585,6.09,0.0,49.08
2026-05-28 22:00:00,19.68,61.49,42.02,0.0,8.44,0.751,36.56,28.24,48.03
2026-05-28 23:00:00,16.65,73.15,41.57,0.0,7.67,0.618,41.66,34.51,43.04
2026-05-29 00:00:00,16.58,78.98,44.72,0.0,12.29,0.767,35.19,28.08,49.29
2026-05-29 01:00:00,19.93,64.63,41.37,0.0,6.83,0.648,36.52,17.6,46.65
2026-05-29 02:00:00,19.02,72.47,44.36,0.0,7.22,0.597,41.68,29.73,46.16
2026-05-29 03:00:00,16.91,67.89,45.6,0.0,9.03,0.646,35.74,20.36,47.04
2026-05-29 04:00:00,23.18,64.1,46.27,0.0,9.0,0.47,55.02,19.14,50.46
2026-05-29 05:00:00,23.86,74.3,41.76,0.0,9.78,0.67,0.0,6.05,47.26
2026-05-29 06:00:00,23.93,64.14,49.09,2.37,15.28,0.666,3.77,3.39,53.59
2026-05-29 07:00:00,24.58,68.65,40.41,2.0,10.01,0.746,8.88,28.23,43.75
2026-05-29 08:00:00,29.25,53.24,40.15,0.0,1.87,0.529,35.33,32.54,33.95
2026-05-29 09:00:00,29.77,71.5,41.39,0.0,9.98,0.773,23.59,19.37,42.57
2026-05-29 10:00:00,33.77,62.0,38.52,0.0,9.11,0.746,24.82,15.89,35.38
2026-05-29 11:00:00,31.43,59.95,48.61,0.0,9.13,0.78,33.94,20.14,46.5
2026-05-29 12:00:00,31.58,63.61,42.01,4.75,9.74,0.676,42.76,14.49,45.91
2026-05-29 13:00:00,30.55,54.51,43.06,0.0,8.91,0.761,5.63,0.0,40.55
2026-05-29 14:00:00,31.42,66.78,51.2,0.0,8.84,0.562,38.19,13.15,49.52
2026-05-29 15:00:00,30.18,60.24,44.2,0.0,10.84,0.737,7.92,3.93,42.7
2026-05-29 16:00:00,29.88,61.08,46.59,0.0,7.37,0.618,27.31,0.0,47.59
2026-05-29 17:00:00,25.77,62.92,43.21,0.0,6.16,0.548,40.6,17.43,46.47
2026-05-29 18:00:00,24.35,63.62,53.25,0.0,18.07,0.59,0.0,0.0,60.52
2026-05-29 19:00:00,22.73,71.29,52.23,0.26,6.85,0.68,61.33,31.79,55.32
2026-05-29 20:00:00,23.19,68.73,52.85,0.0,9.3,0.614,38.97,15.48,58.38
2026-05-29 21:00:00,23.0,70.85,52.97,0.0,4.51,0.71,13.86,4.55,56.11
2026-05-29 22:00:00,19.12,70.66,49.34,0.0,9.35,0.535,65.68,51.64,46.9
2026-05-29 23:00:00,18.57,73.71,48.72,0.0,6.2,0.51,33.6,24.44,51.46
2026-05-30 00:00:00,19.47,68.33,48.64,0.0,7.67,0.79,18.4,5.08,49.64
2026-05-30 01:00:00,18.84,82.08,58.51,0.0,12.14,0.752,12.11,6.04,63.22
2026-05-30 02:00:00,21.23,61.17,55.31,2.81,10.42,0.596,56.7,30.93,60.28
2026-05-30 03:00:00,17.38,78.4,50.49,0.0,10.71,0.68,23.64,6.09,51.14
2026-05-30 04:00:00,20.76,76.23,53.29,0.0,3.69,0.762,20.92,4.58,62.1
2026-05-30 05:00:00,22.27,63.92,50.03,0.0,14.51,0.714,40.57,31.41,50.12
2026-05-30 06:00:00,21.52,79.93,47.75,0.0,5.42,0.692,33.03,14.39,49.21
2026-05-30 07:00:00,25.11,70.89,53.82,0.0,13.59,0.768,17.38,0.0,59.05
2026-05-30 08:00:00,26.63,69.55,50.48,2.88,12.06,0.622,46.53,25.2,55.11
2026-05-30 09:00:00,28.94,62.99,46.05,0.0,10.73,0.682,63.08,35.75,46.76
2026-05-30 10:00:00,31.87,59.42,45.29,0.0,6.44,0.679,30.08,0.0,43.48
2026-05-30 11:00:00,30.43,60.61,45.23,2.01,9.45,0.658,28.7,15.42,46.86
2026-05-30 12:00:00,29.45,64.39,49.76,0.0,7.59,0.649,30.25,24.45,49.98
2026-05-30 13:00:00,30.71,68.44,50.65,0.0,9.09,0.686,44.39,28.48,50.53
2026-05-30 14:00:00,31.77,61.49,46.95,0.0,8.25,0.683,15.99,28.86,46.12
2026-05-30 15:00:00,27.78,59.22,55.76,1.93,2.88,0.596,27.74,26.51,59.5
2026-05-30 16:00:00,26.63,68.81,53.07,0.0,12.37,0.744,0.0,13.04,55.79
2026-05-30 17:00:00,27.39,68.69,55.83,3.24,8.76,0.602,13.69,32.73,63.43
2026-05-30 18:00:00,24.67,69.54,56.25,9.34,7.55,0.663,18.83,17.18,76.55
2026-05-30 19:00:00,24.42,70.19,50.48,0.01,7.32,0.656,26.25,15.91,53.6
2026-05-30 20:00:00,21.98,67.06,57.39,9.7,10.08,0.709,49.44,35.96,73.6
2026-05-30 21:00:00,21.81,63.91,51.96,8.99,6.32,0.51,46.8,20.71,72.25
2026-05-30 22:00:00,18.25,67.06,60.41,4.5,2.23,0.751,5.82,4.17,73.4
2026-05-30 23:00:00,19.19,62.47,52.79,2.35,10.22,0.626,18.61,4.41,59.66
2026-05-31 00:00:00,18.68,72.24,59.52,0.79,10.56,0.778,38.01,24.49,66.3
2026-05-31 01:00:00,17.38,71.68,55.79,4.45,8.4,0.642,45.16,18.97,64.34
2026-05-31 02:00:00,17.46,69.83,62.02,2.49,5.56,0.676,25.93,8.08,74.14
2026-05-31 03:00:00,21.79,53.79,50.26,0.0,9.27,0.833,6.31,7.19,52.9
2026-05-31 04:00:00,21.47,62.58,51.35,0.0,4.61,0.658,43.85,22.88,54.83
2026-05-31 05:00:00,21.91,74.07,57.31,0.0,5.92,0.779,2.37,0.0,61.74
